name,seq,tm,doi,source,fr1,cdr1,fr2,cdr2,fr3,cdr3,fr4,target1,base_name,mutation
NRL-N-C2,EVQLQASGGGLVRPGGSLRLSCAASGFTFSSYAMMWVRQAPGKGLEWVSAINGGGGSTSYADSVKGRFTISRDNAKNTLYLQMNSLKPEDTAVYYCAKYQAAVHQEKEDYWGQGTQVTVSS,67.5,https://pubs.acs.org/doi/10.1021/acs.analchem.1c00677,Llama,EVQLQASGGGLVRPGGSLRLSC,AASGFTFSSYAMM,WVRQAPGKGLEWV,SAINGGGGST,SYADSVKGRFTISRDNAKNTLYLQMNSLKPEDTAVYYC,AKYQAAVHQEKEDY,WGQGTQVTVSS,SARS-CoV-2 nucleocapsid (N),NRL,N-C2
NRL-N-C2-hop,EVQLQASGGGLVRPGGSLRLSCAASGFTFSSYAMMWVRQAPGKGLEWVSAINGGGGSTSYADSVKGRFTISRDNAKNTLYLQMNSLKPEDTAVYYCAKYQAAVHQEKEDYWGQGTQVTVSSAAAGAGGSGGAPASNRCSQGSCWN,65.0,https://pubs.acs.org/doi/10.1021/acs.analchem.1c00677,Llama,EVQLQASGGGLVRPGGSLRLSC,AASGFTFSSYAMM,WVRQAPGKGLEWV,SAINGGGGST,SYADSVKGRFTISRDNAKNTLYLQMNSLKPEDTAVYYC,AKYQAAVHQEKEDY,WGQGTQVTVSS,SARS-CoV-2 nucleocapsid (N),NRL,N-C2-hop
NRL-N-E2,EVQLQASGGGLVQAGGSLRLSCAASGRTDSTQHMAWFRQAPGKEREFVTAIQWRGGGTSYTDSVKGRFTISRDNAKNTVYLEMNSLKPEDTAVYYCATNTRWTYFSPTVPDRYDYWGQGTQVTVSS,62.0,https://pubs.acs.org/doi/10.1021/acs.analchem.1c00677,Llama,EVQLQASGGGLVQAGGSLRLSC,AASGRTDSTQHMA,WFRQAPGKEREFV,TAIQWRGGGT,SYTDSVKGRFTISRDNAKNTVYLEMNSLKPEDTAVYYC,ATNTRWTYFSPTVPDRYDY,WGQGTQVTVSS,SARS-CoV-2 nucleocapsid (N),NRL,N-E2
NRL-N-E2-hop,EVQLQASGGGLVQAGGSLRLSCAASGRTDSTQHMAWFRQAPGKEREFVTAIQWRGGGTSYTDSVKGRFTISRDNAKNTVYLEMNSLKPEDTAVYYCATNTRWTYFSPTVPDRYDYWGQGTQVTVSSAAAGAGGSGGAPASNRCSQGSCWN,62.0,https://pubs.acs.org/doi/10.1021/acs.analchem.1c00677,Llama,EVQLQASGGGLVQAGGSLRLSC,AASGRTDSTQHMA,WFRQAPGKEREFV,TAIQWRGGGT,SYTDSVKGRFTISRDNAKNTVYLEMNSLKPEDTAVYYC,ATNTRWTYFSPTVPDRYDY,WGQGTQVTVSS,SARS-CoV-2 nucleocapsid (N),NRL,N-E2-hop
NRL-N-E10,DVQLQASGGGLVQAGGSLRLSCAASARTFYTMGWFRQVLGKDREFVGAIRWGVYATTRYADSVKGRFSISRDDATNTVALQMNSLKPEDTAVYYCAARAGPLGFELSATSSAEYDYWGQGTQVTVSS,70.0,https://pubs.acs.org/doi/10.1021/acs.analchem.1c00677,Llama,DVQLQASGGGLVQAGGSLRLSC,AASARTFYTMG,WFRQVLGKDREFV,GAIRWGVYATT,RYADSVKGRFSISRDDATNTVALQMNSLKPEDTAVYYC,AARAGPLGFELSATSSAEYDY,WGQGTQVTVSS,SARS-CoV-2 nucleocapsid (N),NRL,N-E10
NRL-N-E10-hop,DVQLQASGGGLVQAGGSLRLSCAASARTFYTMGWFRQVLGKDREFVGAIRWGVYATTRYADSVKGRFSISRDDATNTVALQMNSLKPEDTAVYYCAARAGPLGFELSATSSAEYDYWGQGTQVTVSSAAAGAGGSGGAPASNRCSQGSCWN,68.0,https://pubs.acs.org/doi/10.1021/acs.analchem.1c00677,Llama,DVQLQASGGGLVQAGGSLRLSC,AASARTFYTMG,WFRQVLGKDREFV,GAIRWGVYATT,RYADSVKGRFSISRDDATNTVALQMNSLKPEDTAVYYC,AARAGPLGFELSATSSAEYDY,WGQGTQVTVSS,SARS-CoV-2 nucleocapsid (N),NRL,N-E10-hop
NRL-N-B6,EVQLQASGGGLVQAGDSLRLSCVAVSGRTISTFAMGWFRQAPGKEREFVATINWSGSSARYADPVEGRFTISRDDAKNTVYLEMSSLKPGDSAVYYCASGRYLGGITSYSQGDFAPWGQGTQVTVSS,55.0,https://pubs.acs.org/doi/10.1021/acs.analchem.1c00677,Llama,EVQLQASGGGLVQAGDSLRLSC,VAVSGRTISTFAMG,WFRQAPGKEREFV,ATINWSGSSA,RYADPVEGRFTISRDDAKNTVYLEMSSLKPGDSAVYYC,ASGRYLGGITSYSQGDFAP,WGQGTQVTVSS,SARS-CoV-2 nucleocapsid (N),NRL,N-B6
NRL-N-B6-hop,EVQLQASGGGLVQAGDSLRLSCVAVSGRTISTFAMGWFRQAPGKEREFVATINWSGSSARYADPVEGRFTISRDDAKNTVYLEMSSLKPGDSAVYYCASGRYLGGITSYSQGDFAPWGQGTQVTVSSAAAGAGGSGGAPASNRCSQGSCWN,55.0,https://pubs.acs.org/doi/10.1021/acs.analchem.1c00677,Llama,EVQLQASGGGLVQAGDSLRLSC,VAVSGRTISTFAMG,WFRQAPGKEREFV,ATINWSGSSA,RYADPVEGRFTISRDDAKNTVYLEMSSLKPGDSAVYYC,ASGRYLGGITSYSQGDFAP,WGQGTQVTVSS,SARS-CoV-2 nucleocapsid (N),NRL,N-B6-hop
DesAb-HSA-P1,MEVQLEESGGGLVQPGGSLRLSCAASGFNIKDTYIGWVRQAPGKGEEWVASIYPTSGYTRYADSVKGRFTISADTSKNTAYLQMNSLRAEDTAVYYCAAGSIQKSLQTAESILEEFDYWGQGTLVTVSSDHHHHHHH,82.5,https://doi.org/10.1101/2021.03.02.433360,Unknown,EVQLEESGGGLVQPGGSLRLSC,AASGFNIKDTYIG,WVRQAPGKGEEWV,ASIYPTSGYT,RYADSVKGRFTISADTSKNTAYLQMNSLRAEDTAVYYC,AAGSIQKSLQTAESILEEFDY,WGQGTLVTVSS,HSA,DesAb,HSA-P1
DesAb-HSA-P2,MEVQLEESGGGLVQPGGSLRLSCAASGFNIKDTYIGWVRQAPGKGEEWVASIYPTSGYTRYADSVKGRFTISADTSKNTAYLQMNSLRAEDTAVYYCAAGSAQAGNAEEAEEEFDYWGQGTLVTVSSDHHHHHHH,80.0,https://doi.org/10.1101/2021.03.02.433360,Unknown,EVQLEESGGGLVQPGGSLRLSC,AASGFNIKDTYIG,WVRQAPGKGEEWV,ASIYPTSGYT,RYADSVKGRFTISADTSKNTAYLQMNSLRAEDTAVYYC,AAGSAQAGNAEEAEEEFDY,WGQGTLVTVSS,HSA,DesAb,HSA-P2
DesAb-HSA-D3,MEVQLQESGGGLVQAGGSLRLSCAASGELYALISMGWFRQAPGKEREFVAAISRNGDNTYYTDSVKGRFTISRDNAKNTVELQMNSLKPEDTAVYYCAADKFASPDGSVTIMTNEYDYWGQGTQVTVSDHHHHHHH,67.5,https://doi.org/10.1101/2021.03.02.433360,Llama,EVQLQESGGGLVQAGGSLRLSC,AASGELYALISMG,WFRQAPGKEREFV,AAISRNGDNT,YYTDSVKGRFTISRDNAKNTVELQMNSLKPEDTAVYYC,AADKFASPDGSVTIMTNEYDY,WGQGTQVTVSD,HSA,DesAb,HSA-D3
DesAb-Tryp,MEVQLEESGGGLVQPGGSLRLSCAASGFNIKDTYIGWVRQAPGKGEEWVASIYPTSGYTRYADSVKGRFTISADTSKNTAYLQMNSLRAEDTAVYYCAAGSQSGYHFEEFDYWGQGTLVTVSSDHHHHHHH,78.5,https://doi.org/10.1101/2021.03.02.433360,Unknown,EVQLEESGGGLVQPGGSLRLSC,AASGFNIKDTYIG,WVRQAPGKGEEWV,ASIYPTSGYT,RYADSVKGRFTISADTSKNTAYLQMNSLRAEDTAVYYC,AAGSQSGYHFEEFDY,WGQGTLVTVSS,Trypsin,DesAb,Tryp
DesAb-RBD-C1,MEVQLEESGGGLVQPGGSLRLSCAASGFNIKDTYIGWVRQAPGKGEEWVASIYPTSGYTRYADSVKGRFTISADTSKNTAYLQMNSLRAEDTAVYYCAAGSGSSATEVYEEFDYWGQGTLVTVSSDHHHHHHH,77.5,https://doi.org/10.1101/2021.03.02.433360,Unknown,EVQLEESGGGLVQPGGSLRLSC,AASGFNIKDTYIG,WVRQAPGKGEEWV,ASIYPTSGYT,RYADSVKGRFTISADTSKNTAYLQMNSLRAEDTAVYYC,AAGSGSSATEVYEEFDY,WGQGTLVTVSS,Spike RBD,DesAb,RBD-C1
DesAb-RBD-C2,MEVQLEESGGGLVQPGGSLRLSCAASGFNIKDTYIGWVRQAPGKGEEWVASIYPTSGYTRYADSVKGRFTISADTSKNTAYLQMNSLRAEDTAVYYCAAGSVVADLSVEEFDYWGQGTLVTVSSDHHHHHHH,80.0,https://doi.org/10.1101/2021.03.02.433360,Unknown,EVQLEESGGGLVQPGGSLRLSC,AASGFNIKDTYIG,WVRQAPGKGEEWV,ASIYPTSGYT,RYADSVKGRFTISADTSKNTAYLQMNSLRAEDTAVYYC,AAGSVVADLSVEEFDY,WGQGTLVTVSS,Spike RBD,DesAb,RBD-C2
aRBD-2,QVQLVESGGGLVQAGGSLRLSCAASGRTYTMGWFRQAPGKEREFVAAMRWSDTDYADSLKGRFTISRDNANNAMYLQMNSLGPEDTAVYYCAAGEAWLARSTHHYDYWGQGTQVTVSS,72.3,https://doi.org/10.1128/JVI.02438-20,Alpaca,QVQLVESGGGLVQAGGSLRLSC,AASGRTYTMG,WFRQAPGKEREFV,AAMRWSDT,DYADSLKGRFTISRDNANNAMYLQMNSLGPEDTAVYYC,AAGEAWLARSTHHYDY,WGQGTQVTVSS,Spike RBD,aRBD,2
aRBD-3,QVQLVESGGGLVQPGGSLRLSCAASGLTLDYYAIGWFRQAPGKEREGVSCISHPGGSTNYADSVKGRFTISRDNAKNTVYLQMNSLKPEDTAVYYCAASPLALFRLCVLPSPLPYDYWGQGTQVTVSS,75.44,https://doi.org/10.1128/JVI.02438-20,Alpaca,QVQLVESGGGLVQPGGSLRLSC,AASGLTLDYYAIG,WFRQAPGKEREGV,SCISHPGGST,NYADSVKGRFTISRDNAKNTVYLQMNSLKPEDTAVYYC,AASPLALFRLCVLPSPLPYDY,WGQGTQVTVSS,Spike RBD,aRBD,3
aRBD-5,QVQLVESGGGLVQPGGTLRLSCAASGFTLDYYAIGWFRQAPGKEREGVSCISGSGGITNYTDSVKGRFTISRDNAKNTVYLQMNSLKPEDTAVYYCAPVSHTVVAGCAFEAWTDFGSWGQGTQVTVSS,73.37,https://doi.org/10.1128/JVI.02438-20,Alpaca,QVQLVESGGGLVQPGGTLRLSC,AASGFTLDYYAIG,WFRQAPGKEREGV,SCISGSGGIT,NYTDSVKGRFTISRDNAKNTVYLQMNSLKPEDTAVYYC,APVSHTVVAGCAFEAWTDFGS,WGQGTQVTVSS,Spike RBD,aRBD,5
aRBD-7,QLQLVESGGGLVQAGGSLRLSCAASERTFSGGVMGWFRQRPGKEREFVAAIRWNGASTFYADSVKGRFTCSRDNAKNTGYLQMNSLTPEDTAVYYCARAVRTYASSDYYFQERTYDYWGQGTQVTVSS,78.98,https://doi.org/10.1128/JVI.02438-20,Alpaca,QLQLVESGGGLVQAGGSLRLSC,AASERTFSGGVMG,WFRQRPGKEREFV,AAIRWNGAST,FYADSVKGRFTCSRDNAKNTGYLQMNSLTPEDTAVYYC,ARAVRTYASSDYYFQERTYDY,WGQGTQVTVSS,Spike RBD,aRBD,7
aRBD-41,QVQLVESGGGLVQPGGSLRLSCAASGFTSGHYAIGWFRQAPGKEREGVSCIGSSDGSTYYADSVKGRFTISRDNAKNTVYLQMNSLKPEDTAVYYCAAGLWYGRSLNSFDYDYWGQGTQVTVSS,71.26,https://doi.org/10.1128/JVI.02438-20,Alpaca,QVQLVESGGGLVQPGGSLRLSC,AASGFTSGHYAIG,WFRQAPGKEREGV,SCIGSSDGST,YYADSVKGRFTISRDNAKNTVYLQMNSLKPEDTAVYYC,AAGLWYGRSLNSFDYDY,WGQGTQVTVSS,Spike RBD,aRBD,41
aRBD-42,QLQLVESGGGLVQAGGSLRLSCAASGRTFSSATMGWFRQAPGKEREFVAAISWSGLSRYYADSVKGRFTISRDNAENTVYLQMNSLKTEDTAVYYCAADSWGCSGLGCYDARQYDVWGQGTQVTVSS,98.23,https://doi.org/10.1128/JVI.02438-20,Alpaca,QLQLVESGGGLVQAGGSLRLSC,AASGRTFSSATMG,WFRQAPGKEREFV,AAISWSGLSR,YYADSVKGRFTISRDNAENTVYLQMNSLKTEDTAVYYC,AADSWGCSGLGCYDARQYDV,WGQGTQVTVSS,Spike RBD,aRBD,42
aRBD-54,QLQLVESGGGLVQPGGSLRLSCAASGRTFGSFMGWFRQAPGQERDFVAAITWSGGSTYYADSVKGRFTISRDNAENTVYLQMNSLKPEDTAVYYCAARISSAYYTRSSSYAYWGQGTQVTVSS,71.07,https://doi.org/10.1128/JVI.02438-20,Alpaca,QLQLVESGGGLVQPGGSLRLSC,AASGRTFGSFMG,WFRQAPGQERDFV,AAITWSGGST,YYADSVKGRFTISRDNAENTVYLQMNSLKPEDTAVYYC,AARISSAYYTRSSSYAY,WGQGTQVTVSS,Spike RBD,aRBD,54
"mNb6 (I27Y, P105Y)",QVQLVESGGGLVQAGGSLRLSCAASGYIFGRNAMGWYRQAPGKERELVAGITRRGSITYYADSVKGRFTISRDNAKNTVYLQMNSLKPEDTAVYYCAADPASPAYGDYWGQGTQVTVSS,67.6,https://doi.org/10.1126/science.abe3255,Unknown,QVQLVESGGGLVQAGGSLRLSC,AASGYIFGRNAMG,WYRQAPGKERELV,AGITRRGSIT,YYADSVKGRFTISRDNAKNTVYLQMNSLKPEDTAVYYC,AADPASPAYGDY,WGQGTQVTVSS,Spike RBD,mNb6 ,"I27Y, P105Y)"
NIH-CoVnb-112,DVQLQESGGGLVQPGGSLRLSCAASGLTLDYYAIGWFRQAPGKEREGVSCISSSDGSTYYADSVKGRFTTSRDNAKNTVYLQMNSLKPEDTAVYYCAAVPSTYYSGTYYYTCHPGGMDYWGKGTQVTVSS,74.4,https://doi.org/10.1038/s41598-020-79036-0,Llama,DVQLQESGGGLVQPGGSLRLSC,AASGLTLDYYAIG,WFRQAPGKEREGV,SCISSSDGST,YYADSVKGRFTTSRDNAKNTVYLQMNSLKPEDTAVYYC,AAVPSTYYSGTYYYTCHPGGMDY,WGKGTQVTVSS,Spike RBD,NIH,CoVnb-112
NbHuL6:FERW,QVQLVESGGGSVQAGGSLRLSCSASGYTYISGWFRQAPGKEREWVAAIRSSDGTTYYADSVKGRFTISQDNAKNTVYLQMNSLKPEDTAMYYCAATEVAGWPLDIGIYDYWGQGTQVTVSS,84.2,https://doi.org/10.1074/jbc.M806889200,Camel,QVQLVESGGGSVQAGGSLRLSC,SASGYTYISG,WFRQAPGKEREWV,AAIRSSDGTT,YYADSVKGRFTISQDNAKNTVYLQMNSLKPEDTAMYYC,AATEVAGWPLDIGIYDY,WGQGTQVTVSS,lysozyme,NbHuL6,FERW
NbHuL6:VERG,QVQLVESGGGSVQAGGSLRLSCSASGYTYISGWVRQAPGKEREGVAAIRSSDGTTYYADSVKGRFTISQDNAKNTVYLQMNSLKPEDTAMYYCAATEVAGWPLDIGIYDYWGQGTQVTVSS,76.2,https://doi.org/10.1074/jbc.M806889200,Camel,QVQLVESGGGSVQAGGSLRLSC,SASGYTYISG,WVRQAPGKEREGV,AAIRSSDGTT,YYADSVKGRFTISQDNAKNTVYLQMNSLKPEDTAMYYC,AATEVAGWPLDIGIYDY,WGQGTQVTVSS,lysozyme,NbHuL6,VERG
NbHuL6:VERW,QVQLVESGGGSVQAGGSLRLSCSASGYTYISGWVRQAPGKEREWVAAIRSSDGTTYYADSVKGRFTISQDNAKNTVYLQMNSLKPEDTAMYYCAATEVAGWPLDIGIYDYWGQGTQVTVSS,79.4,https://doi.org/10.1074/jbc.M806889200,Camel,QVQLVESGGGSVQAGGSLRLSC,SASGYTYISG,WVRQAPGKEREWV,AAIRSSDGTT,YYADSVKGRFTISQDNAKNTVYLQMNSLKPEDTAMYYC,AATEVAGWPLDIGIYDY,WGQGTQVTVSS,lysozyme,NbHuL6,VERW
NbHuL6:FGLG,QVQLVESGGGSVQAGGSLRLSCSASGYTYISGWFRQAPGKGLEGVAAIRSSDGTTYYADSVKGRFTISQDNAKNTVYLQMNSLKPEDTAMYYCAATEVAGWPLDIGIYDYWGQGTQVTVSS,82.5,https://doi.org/10.1074/jbc.M806889200,Camel,QVQLVESGGGSVQAGGSLRLSC,SASGYTYISG,WFRQAPGKGLEGV,AAIRSSDGTT,YYADSVKGRFTISQDNAKNTVYLQMNSLKPEDTAMYYC,AATEVAGWPLDIGIYDY,WGQGTQVTVSS,lysozyme,NbHuL6,FGLG
NbHuL6:VGLG,QVQLVESGGGSVQAGGSLRLSCSASGYTYISGWVRQAPGKGLEGVAAIRSSDGTTYYADSVKGRFTISQDNAKNTVYLQMNSLKPEDTAMYYCAATEVAGWPLDIGIYDYWGQGTQVTVSS,78.4,https://doi.org/10.1074/jbc.M806889200,Camel,QVQLVESGGGSVQAGGSLRLSC,SASGYTYISG,WVRQAPGKGLEGV,AAIRSSDGTT,YYADSVKGRFTISQDNAKNTVYLQMNSLKPEDTAMYYC,AATEVAGWPLDIGIYDY,WGQGTQVTVSS,lysozyme,NbHuL6,VGLG
NbHuL6:VGLW,QVQLVESGGGSVQAGGSLRLSCSASGYTYISGWVRQAPGKGLEWVAAIRSSDGTTYYADSVKGRFTISQDNAKNTVYLQMNSLKPEDTAMYYCAATEVAGWPLDIGIYDYWGQGTQVTVSS,79.5,https://doi.org/10.1074/jbc.M806889200,Camel,QVQLVESGGGSVQAGGSLRLSC,SASGYTYISG,WVRQAPGKGLEWV,AAIRSSDGTT,YYADSVKGRFTISQDNAKNTVYLQMNSLKPEDTAMYYC,AATEVAGWPLDIGIYDY,WGQGTQVTVSS,lysozyme,NbHuL6,VGLW
NbHuL6:FERG_W118R,QVQLVESGGGSVQAGGSLRLSCSASGYTYISGWFRQAPGKEREGVAAIRSSDGTTYYADSVKGRFTISQDNAKNTVYLQMNSLKPEDTAMYYCAATEVAGWPLDIGIYDYRGQGTQVTVSS,70.0,https://doi.org/10.1074/jbc.M806889200,Camel,QVQLVESGGGSVQAGGSLRLSC,SASGYTYISG,WFRQAPGKEREGV,AAIRSSDGTT,YYADSVKGRFTISQDNAKNTVYLQMNSLKPEDTAMYYC,AATEVAGWPLDIGIYDY,RGQGTQVTVSS,lysozyme,NbHuL6,FERG_W118R
NbHuL6:VGLW_W118R,QVQLVESGGGSVQAGGSLRLSCSASGYTYISGWVRQAPGKGLEWVAAIRSSDGTTYYADSVKGRFTISQDNAKNTVYLQMNSLKPEDTAMYYCAATEVAGWPLDIGIYDYRGQGTQVTVSS,79.9,https://doi.org/10.1074/jbc.M806889200,Camel,QVQLVESGGGSVQAGGSLRLSC,SASGYTYISG,WVRQAPGKGLEWV,AAIRSSDGTT,YYADSVKGRFTISQDNAKNTVYLQMNSLKPEDTAMYYC,AATEVAGWPLDIGIYDY,RGQGTQVTVSS,lysozyme,NbHuL6,VGLW_W118R
NbBcII10:FGLA,QVQLVESGGGSVQAGGSLRLSCTASGGSEYSYSTFSLGWFRQAPGQGLEAVAAIASMGGLTYYADSVKGRFTISRDNAKNTVTLQMNNLKPEDTAIYYCAAVRGYFMRLPSSHNFRYWGQGTQVTVSS,79.6,https://doi.org/10.1074/jbc.M806889200,Camel,QVQLVESGGGSVQAGGSLRLSC,TASGGSEYSYSTFSLG,WFRQAPGQGLEAV,AAIASMGGLT,YYADSVKGRFTISRDNAKNTVTLQMNNLKPEDTAIYYC,AAVRGYFMRLPSSHNFRY,WGQGTQVTVSS,BcII ÃŽÂ²-lactamases,NbBcII10,FGLA
h-NbBcII10,QVQLVESGGGLVQPGGSLRLSCAASGGSEYSYSTFSLGWFRQAPGQEREWVAATASMGGLTYYADSVKGRFTISRDNSKNTLYLQMNSLRAEDTAVYYCAAVRGYFMRLPSSHNFRYWGQGTLVTVSS,72.0,https://doi.org/10.1074/jbc.M806889200,Camel,QVQLVESGGGLVQPGGSLRLSC,AASGGSEYSYSTFSLG,WFRQAPGQEREWV,AATASMGGLT,YYADSVKGRFTISRDNSKNTLYLQMNSLRAEDTAVYYC,AAVRGYFMRLPSSHNFRY,WGQGTLVTVSS,BcII ÃŽÂ²-lactamases,h,NbBcII10
h-NbBcII10:FGLA,QVQLVESGGGLVQPGGSLRLSCAASGGSEYSYSTFSLGWFRQAPGQGLEAVAATASMGGLTYYADSVKGRFTISRDNSKNTLYLQMNSLRAEDTAVYYCAAVRGYFMRLPSSHNFRYWGQGTLVTVSS,74.3,https://doi.org/10.1074/jbc.M806889200,Camel,QVQLVESGGGLVQPGGSLRLSC,AASGGSEYSYSTFSLG,WFRQAPGQGLEAV,AATASMGGLT,YYADSVKGRFTISRDNSKNTLYLQMNSLRAEDTAVYYC,AAVRGYFMRLPSSHNFRY,WGQGTLVTVSS,BcII ÃŽÂ²-lactamases,h,NbBcII10:FGLA
h-NbBcII10:FGLA_S-S-S,QVQLVESGGGLVQPGGSLRLSCAASGYTYISGWFRQAPGQGLEAVAAIRSSDGTTYYADSVKGRFTISRDNSKNTLYLQMNSLRAEDTAVYYCAATEVAGWPLDIGIYDYWGQGTLVTVSS,63.4,https://doi.org/10.1074/jbc.M806889200,Camel,QVQLVESGGGLVQPGGSLRLSC,AASGYTYISG,WFRQAPGQGLEAV,AAIRSSDGTT,YYADSVKGRFTISRDNSKNTLYLQMNSLRAEDTAVYYC,AATEVAGWPLDIGIYDY,WGQGTLVTVSS,lysozyme,h,NbBcII10:FGLA_S-S-S
cAbPSA-NB,DVQLQESGGGLVQPGGSLRLSCAASGFLFSDTYMTWARQAPGKGLEWLGGISKDGSGTLYEDSVEGRFTISRDNAKNTLYLQMNSLKSEDTALYYCSTGALLPTRPQGQGTQVTVSS,51.5,https://doi.org/10.1016/j.jmb.2008.01.022,Camel,DVQLQESGGGLVQPGGSLRLSC,AASGFLFSDTYMT,WARQAPGKGLEWL,GGISKDGSGT,LYEDSVEGRFTISRDNAKNTLYLQMNSLKSEDTALYYC,STGALLPTRP,QGQGTQVTVSS,human prostate-specific antigen,cAbPSA,NB
cAbPSA-C12,DVQLQESGGGLVRPGGSLRLSCAASGELFSGTYMTWARQAPGKGLEWLCGINKDGSGTLYADSVEGRFTCSRDNAKNTLYLQMNSLKSEDTALYYCSTGALLPTRPQGQGTQVTVSS,61.9,https://doi.org/10.1016/j.jmb.2008.01.022,Camel,DVQLQESGGGLVRPGGSLRLSC,AASGELFSGTYMT,WARQAPGKGLEWL,CGINKDGSGT,LYADSVEGRFTCSRDNAKNTLYLQMNSLKSEDTALYYC,STGALLPTRP,QGQGTQVTVSS,human prostate-specific antigen,cAbPSA,C12
cAbBCII10_0-0-0,QVQLVESGGGSVQAGGSLRLSATASGGSEYSYSTFSLGWFRQAPGQEREAVAAIASMGGLTYYADSVKGRFTISRDNAKNTVTLQMNNLKPEDTAIYYVAAVRGYFMRLPSSHNFRYWGQGTQVTVSS,60.2,https://doi.org/10.1016/j.jmb.2008.01.022,Camel,QVQLVESGGGSVQAGGSLRLSA,TASGGSEYSYSTFSLG,WFRQAPGQEREAV,AAIASMGGLT,YYADSVKGRFTISRDNAKNTVTLQMNNLKPEDTAIYYV,AAVRGYFMRLPSSHNFRY,WGQGTQVTVSS,BcII ÃŽÂ²-lactamases,cAbBCII10_0,0-0
cAbBCII10_1-0-1,QVQLVESGGGSVQAGGSLRLSCTASGGSEYSYSTFSLGWFRQAPGQEREAVCAIASMGGLTYYADSVKGRFTCSRDNAKNTVTLQMNNLKPEDTAIYYCAAVRGYFMRLPSSHNFRYWGQGTQVTVSS,87.0,https://doi.org/10.1016/j.jmb.2008.01.022,Camel,QVQLVESGGGSVQAGGSLRLSC,TASGGSEYSYSTFSLG,WFRQAPGQEREAV,CAIASMGGLT,YYADSVKGRFTCSRDNAKNTVTLQMNNLKPEDTAIYYC,AAVRGYFMRLPSSHNFRY,WGQGTQVTVSS,BcII ÃŽÂ²-lactamases,cAbBCII10_1,0-1
cAbBCI110_0-0-1,QVQLVESGGGSVQAGGSLRLSATASGGSEYSYSTFSLGWFRQAPGQEREAVCAIASMGGLTYYADSVKGRFTCSRDNAKNTVTLQMNNLKPEDTAIYYVAAVRGYFMRLPSSHNFRYWGQGTQVTVSS,70.0,https://doi.org/10.1016/j.jmb.2008.01.022,Camel,QVQLVESGGGSVQAGGSLRLSA,TASGGSEYSYSTFSLG,WFRQAPGQEREAV,CAIASMGGLT,YYADSVKGRFTCSRDNAKNTVTLQMNNLKPEDTAIYYV,AAVRGYFMRLPSSHNFRY,WGQGTQVTVSS,BcII ÃŽÂ²-lactamases,cAbBCI110_0,0-1
cAbBCII10_1-1-0,QVQLVESGGGSVQAGGSLRLSCTASGGSEYSYSTFSCGWFRQAPGQEREAVAAIASMGGLTYYADSVKGRFTISRDNAKNTCTLQMNNLKPEDTAIYYCAAVRGYFMRLPSSHNFRYWGQGTQVTVSS,82.0,https://doi.org/10.1016/j.jmb.2008.01.022,Camel,QVQLVESGGGSVQAGGSLRLSC,TASGGSEYSYSTFSCG,WFRQAPGQEREAV,AAIASMGGLT,YYADSVKGRFTISRDNAKNTCTLQMNNLKPEDTAIYYC,AAVRGYFMRLPSSHNFRY,WGQGTQVTVSS,BcII ÃŽÂ²-lactamases,cAbBCII10_1,1-0
cAbBCII10_0-1-0,QVQLVESGGGSVQAGGSLRLSATASGGSEYSYSTFSCGWFRQAPGQEREAVAAIASMGGLTYYADSVKGRFTISRDNAKNTCTLQMNNLKPEDTAIYYVAAVRGYFMRLPSSHNFRYWGQGTQVTVSS,65.6,https://doi.org/10.1016/j.jmb.2008.01.022,Camel,QVQLVESGGGSVQAGGSLRLSA,TASGGSEYSYSTFSCG,WFRQAPGQEREAV,AAIASMGGLT,YYADSVKGRFTISRDNAKNTCTLQMNNLKPEDTAIYYV,AAVRGYFMRLPSSHNFRY,WGQGTQVTVSS,BcII ÃŽÂ²-lactamases,cAbBCII10_0,1-0
cAbBCII10_1-1-1,QVQLVESGGGSVQAGGSLRLSCTASGGSEYSYSTFSCGWFRQAPGQEREAVCAIASMGGLTYYADSVKGRFTCSRDNAKNTCTLQMNNLKPEDTAIYYCAAVRGYFMRLPSSHNFRYWGQGTQVTVSS,90.0,https://doi.org/10.1016/j.jmb.2008.01.022,Camel,QVQLVESGGGSVQAGGSLRLSC,TASGGSEYSYSTFSCG,WFRQAPGQEREAV,CAIASMGGLT,YYADSVKGRFTCSRDNAKNTCTLQMNNLKPEDTAIYYC,AAVRGYFMRLPSSHNFRY,WGQGTQVTVSS,BcII ÃŽÂ²-lactamases,cAbBCII10_1,1-1
cAbBCII10_0-1-1,QVQLVESGGGSVQAGGSLRLSATASGGSEYSYSTFSCGWFRQAPGQEREAVCAIASMGGLTYYADSVKGRFTCSRDNAKNTCTLQMNNLKPEDTAIYYVAAVRGYFMRLPSSHNFRYWGQGTQVTVSS,71.4,https://doi.org/10.1016/j.jmb.2008.01.022,Camel,QVQLVESGGGSVQAGGSLRLSA,TASGGSEYSYSTFSCG,WFRQAPGQEREAV,CAIASMGGLT,YYADSVKGRFTCSRDNAKNTCTLQMNNLKPEDTAIYYV,AAVRGYFMRLPSSHNFRY,WGQGTQVTVSS,BcII ÃŽÂ²-lactamases,cAbBCII10_0,1-1
cAbAn33_1-0-0,DVQLVESGGGSVQAGGSLRLSCAVSGSTYSPCTTGWYRQAPGKEREWVSSISSPGTIYYQDSVKGRFTISRDNAKNTVYLQMNSLQREDTGMYYCQIQCGVRSIREYWGQGTQVTVSS,71.2,https://doi.org/10.1016/j.jmb.2008.01.022,Camel,DVQLVESGGGSVQAGGSLRLSC,AVSGSTYSPCTTG,WYRQAPGKEREWV,SSISSPGTI,YYQDSVKGRFTISRDNAKNTVYLQMNSLQREDTGMYYC,QIQCGVRSIREY,WGQGTQVTVSS,variant surface glycoprotein,cAbAn33_1,0-0
cAbAn33_1-0-1,DVQLVESGGGSVQAGGSLRLSCAVSGSTYSPCTTGWYRQAPGKEREWVCSISSPGTIYYQDSVKGRFTCSRDNAKNTVYLQMNSLQREDTGMYYCQIQCGVRSIREYWGQGTQVTVSS,90.0,https://doi.org/10.1016/j.jmb.2008.01.022,Camel,DVQLVESGGGSVQAGGSLRLSC,AVSGSTYSPCTTG,WYRQAPGKEREWV,CSISSPGTI,YYQDSVKGRFTCSRDNAKNTVYLQMNSLQREDTGMYYC,QIQCGVRSIREY,WGQGTQVTVSS,variant surface glycoprotein,cAbAn33_1,0-1
cAbAn33_1-1-0,DVQLVESGGGSVQAGGSLRLSCAVSGSTYSPCTCGWYRQAPGKEREWVSSISSPGTIYYQDSVKGRFTISRDNAKNTCYLQMNSLQREDTGMYYCQIQCGVRSIREYWGQGTQVTVSS,89.0,https://doi.org/10.1016/j.jmb.2008.01.022,Camel,DVQLVESGGGSVQAGGSLRLSC,AVSGSTYSPCTCG,WYRQAPGKEREWV,SSISSPGTI,YYQDSVKGRFTISRDNAKNTCYLQMNSLQREDTGMYYC,QIQCGVRSIREY,WGQGTQVTVSS,variant surface glycoprotein,cAbAn33_1,1-0
cAbGFP4_1-0-0,QVQLVESGGALVQPGGSLRLSCAASGFPVNRYSMRWYRQAPGKEREWVAGMSSAGDRSSYEDSVKGRFTISRDDARNTVYLQMNSLKPEDTAVYYCNVNVGFEYWGQGTQVTVSS,69.5,https://doi.org/10.1016/j.jmb.2008.01.022,Llama,QVQLVESGGALVQPGGSLRLSC,AASGFPVNRYSMR,WYRQAPGKEREWV,AGMSSAGDRS,SYEDSVKGRFTISRDDARNTVYLQMNSLKPEDTAVYYC,NVNVGFEY,WGQGTQVTVSS,green fluorescent protein,cAbGFP4_1,0-0
cAbGFP4_0-0-0,QVQLVESGGALVQPGGSLRLSAAASGEPVNRYSMRWYRQAPGKEREWVAGMSSAGDRSSYEDSVKGRFTISRDDARNTVYLQMNSLKPEDTAVYYVNVNVGFEYWGQGTQVTVSS,60.3,https://doi.org/10.1016/j.jmb.2008.01.022,Llama,QVQLVESGGALVQPGGSLRLSA,AASGEPVNRYSMR,WYRQAPGKEREWV,AGMSSAGDRS,SYEDSVKGRFTISRDDARNTVYLQMNSLKPEDTAVYYV,NVNVGFEY,WGQGTQVTVSS,green fluorescent protein,cAbGFP4_0,0-0
cAbGFP4_1-0-1,QVQLVESGGALVQPGGSLRLSCAASGFPVNRYSMRWYRQAPGKEREWVCGMSSAGDRSSYEDSVKGRFTCSRDDARNTVYLQMNSLKPEDTAVYYCNVNVGFEYWGQGTQVTVSS,75.7,https://doi.org/10.1016/j.jmb.2008.01.022,Llama,QVQLVESGGALVQPGGSLRLSC,AASGFPVNRYSMR,WYRQAPGKEREWV,CGMSSAGDRS,SYEDSVKGRFTCSRDDARNTVYLQMNSLKPEDTAVYYC,NVNVGFEY,WGQGTQVTVSS,green fluorescent protein,cAbGFP4_1,0-1
cAbGFP4_1-1-0,QVQLVESGGALVQPGGSLRLSCAASGFPVNRYSCRWYRQAPGKEREWVAGMSSAGDRSSYEDSVKGRFTISRDDARNTCYLQMNSLKPEDTAVYYCNVNVGFEYWGQGTNVTVSS,76.2,https://doi.org/10.1016/j.jmb.2008.01.022,Llama,QVQLVESGGALVQPGGSLRLSC,AASGFPVNRYSCR,WYRQAPGKEREWV,AGMSSAGDRS,SYEDSVKGRFTISRDDARNTCYLQMNSLKPEDTAVYYC,NVNVGFEY,WGQGTNVTVSS,green fluorescent protein,cAbGFP4_1,1-0
cAbGFP4_1-1-1,QVQLVESGGALVQPGGSLRLSCAASGEPVNRYSCRWYRQAPGKEREWVCGMSSAGDRSSYEDSVKGRFTCSRDDARNTCYLQMNSLKPEDTAVYYCNVNVGFEYWGQGTQVTVSS,85.0,https://doi.org/10.1016/j.jmb.2008.01.022,Llama,QVQLVESGGALVQPGGSLRLSC,AASGEPVNRYSCR,WYRQAPGKEREWV,CGMSSAGDRS,SYEDSVKGRFTCSRDDARNTCYLQMNSLKPEDTAVYYC,NVNVGFEY,WGQGTQVTVSS,green fluorescent protein,cAbGFP4_1,1-1
cAbAn33:SM,DVQLVESGGGSVQAGGSLRLSCAVSGSTYSPSTTGWYRQAPGKEREWVSSISSPGTIYYQDSVKGRFTISRDNAKNTVYLQMNSLQREDTGMYYCQIQMGVRSIREYWGQGTQVTVSS,61.0,https://doi.org/10.1074/jbc.M111.242818,Camel,DVQLVESGGGSVQAGGSLRLSC,AVSGSTYSPSTTG,WYRQAPGKEREWV,SSISSPGTI,YYQDSVKGRFTISRDNAKNTVYLQMNSLQREDTGMYYC,QIQMGVRSIREY,WGQGTQVTVSS,variant surface glycoprotein,cAbAn33,SM
cAbAn33:SF,DVQLVESGGGSVQAGGSLRLSCAVSGSTYSPSTTGWYRQAPGKEREWVSSISSPGTIYYQDSVKGRFTISRDNAKNTVYLQMNSLQREDTGMYYCQIQFGVRSIREYWGQGTQVTVSS,60.0,https://doi.org/10.1074/jbc.M111.242818,Camel,DVQLVESGGGSVQAGGSLRLSC,AVSGSTYSPSTTG,WYRQAPGKEREWV,SSISSPGTI,YYQDSVKGRFTISRDNAKNTVYLQMNSLQREDTGMYYC,QIQFGVRSIREY,WGQGTQVTVSS,variant surface glycoprotein,cAbAn33,SF
cAbAn33:FM,DVQLVESGGGSVQAGGSLRLSCAVSGSTYSPFTTGWYRQAPGKEREWVSSISSPGTIYYQDSVKGRFTISRDNAKNTVYLQMNSLQREDTGMYYCQIQMGVRSIREYWGQGTQVTVSS,61.0,https://doi.org/10.1074/jbc.M111.242818,Camel,DVQLVESGGGSVQAGGSLRLSC,AVSGSTYSPFTTG,WYRQAPGKEREWV,SSISSPGTI,YYQDSVKGRFTISRDNAKNTVYLQMNSLQREDTGMYYC,QIQMGVRSIREY,WGQGTQVTVSS,variant surface glycoprotein,cAbAn33,FM
cAbAn33:FE,DVQLVESGGGSVQAGGSLRLSCAVSGSTYSPFTTGWYRQAPGKEREWVSSISSPGTIYYQDSVKGRFTISRDNAKNTVYLQMNSLQREDTGMYYCQIQEGVRSIREYWGQGTQVTVSS,59.0,https://doi.org/10.1074/jbc.M111.242818,Camel,DVQLVESGGGSVQAGGSLRLSC,AVSGSTYSPFTTG,WYRQAPGKEREWV,SSISSPGTI,YYQDSVKGRFTISRDNAKNTVYLQMNSLQREDTGMYYC,QIQEGVRSIREY,WGQGTQVTVSS,variant surface glycoprotein,cAbAn33,FE
cAbAn33:IM,DVQLVESGGGSVQAGGSLRLSCAVSGSTYSPITTGWYRQAPGKEREWVSSISSPGTIYYQDSVKGRFTISRDNAKNTVYLQMNSLQREDTGMYYCQIQMGVRSIREYWGQGTQVTVSS,62.0,https://doi.org/10.1074/jbc.M111.242818,Camel,DVQLVESGGGSVQAGGSLRLSC,AVSGSTYSPITTG,WYRQAPGKEREWV,SSISSPGTI,YYQDSVKGRFTISRDNAKNTVYLQMNSLQREDTGMYYC,QIQMGVRSIREY,WGQGTQVTVSS,variant surface glycoprotein,cAbAn33,IM
cAbAn33:RE,DVQLVESGGGSVQAGGSLRLSCAVSGSTYSPRTTGWYRQAPGKEREWVSSISSPGTIYYQDSVKGRFTISRDNAKNTVYLQMNSLQREDTGMYYCQIQEGVRSIREYWGQGTQVTVSS,57.0,https://doi.org/10.1074/jbc.M111.242818,Camel,DVQLVESGGGSVQAGGSLRLSC,AVSGSTYSPRTTG,WYRQAPGKEREWV,SSISSPGTI,YYQDSVKGRFTISRDNAKNTVYLQMNSLQREDTGMYYC,QIQEGVRSIREY,WGQGTQVTVSS,variant surface glycoprotein,cAbAn33,RE
cAbAn33:NM,DVQLVESGGGSVQAGGSLRLSCAVSGSTYSPNTTGWYRQAPGKEREWVSSISSPGTIYYQDSVKGRFTISRDNAKNTVYLQMNSLQREDTGMYYCQIQMGVRSIREYWGQGTQVTVSS,60.0,https://doi.org/10.1074/jbc.M111.242818,Camel,DVQLVESGGGSVQAGGSLRLSC,AVSGSTYSPNTTG,WYRQAPGKEREWV,SSISSPGTI,YYQDSVKGRFTISRDNAKNTVYLQMNSLQREDTGMYYC,QIQMGVRSIREY,WGQGTQVTVSS,variant surface glycoprotein,cAbAn33,NM
cAbPSA-N7:TH,DVQLQESGGGSVQAGGSLRLSCVASGWIYIPPTMAWFRQAPGKERERVATINPSGRTYYADSTKGRFTISQDNVKRTLYLYMNSLKPEDTATYYCAADDGTHPRMEFDDWGQGTQVTVSS,53.0,https://doi.org/10.1074/jbc.M111.242818,Camel,DVQLQESGGGSVQAGGSLRLSC,VASGWIYIPPTMA,WFRQAPGKERERV,ATINPSGRT,YYADSTKGRFTISQDNVKRTLYLYMNSLKPEDTATYYC,AADDGTHPRMEFDD,WGQGTQVTVSS,variant surface glycoprotein,cAbPSA,N7:TH
cAbPSA-N7:TA,DVQLQESGGGSVQAGGSLRLSCVASGWIYIPPTMAWFRQAPGKERERVATINPSGRTYYADSTKGRFTISQDNVKRTLYLYMNSLKPEDTATYYCAADDGTAPRMEFDDWGQGTQVTVSS,53.0,https://doi.org/10.1074/jbc.M111.242818,Camel,DVQLQESGGGSVQAGGSLRLSC,VASGWIYIPPTMA,WFRQAPGKERERV,ATINPSGRT,YYADSTKGRFTISQDNVKRTLYLYMNSLKPEDTATYYC,AADDGTAPRMEFDD,WGQGTQVTVSS,variant surface glycoprotein,cAbPSA,N7:TA
cAbPSA-N7:TP,DVQLQESGGGSVQAGGSLRLSCVASGWIYIPPTMAWFRQAPGKERERVATINPSGRTYYADSTKGRFTISQDNVKRTLYLYMNSLKPEDTATYYCAADDGTPPRMEFDDWGQGTQVTVSS,57.0,https://doi.org/10.1074/jbc.M111.242818,Camel,DVQLQESGGGSVQAGGSLRLSC,VASGWIYIPPTMA,WFRQAPGKERERV,ATINPSGRT,YYADSTKGRFTISQDNVKRTLYLYMNSLKPEDTATYYC,AADDGTPPRMEFDD,WGQGTQVTVSS,variant surface glycoprotein,cAbPSA,N7:TP
cAbPSA-N7:TG,DVQLQESGGGSVQAGGSLRLSCVASGWIYIPPTMAWFRQAPGKERERVATINPSGRTYYADSTKGRFTISQDNVKRTLYLYMNSLKPEDTATYYCAADDGTGPRMEFDDWGQGTQVTVSS,53.0,https://doi.org/10.1074/jbc.M111.242818,Camel,DVQLQESGGGSVQAGGSLRLSC,VASGWIYIPPTMA,WFRQAPGKERERV,ATINPSGRT,YYADSTKGRFTISQDNVKRTLYLYMNSLKPEDTATYYC,AADDGTGPRMEFDD,WGQGTQVTVSS,variant surface glycoprotein,cAbPSA,N7:TG
cAbPSA-N7:RE,DVQLQESGGGSVQAGGSLRLSCVASGWIYIPPRMAWFRQAPGKERERVATINPSGRTYYADSTKGRFTISQDNVKRTLYLYMNSLKPEDTATYYCAADDGTEPRMEFDDWGQGTQVTVSS,51.0,https://doi.org/10.1074/jbc.M111.242818,Camel,DVQLQESGGGSVQAGGSLRLSC,VASGWIYIPPRMA,WFRQAPGKERERV,ATINPSGRT,YYADSTKGRFTISQDNVKRTLYLYMNSLKPEDTATYYC,AADDGTEPRMEFDD,WGQGTQVTVSS,variant surface glycoprotein,cAbPSA,N7:RE
cAbPSA-N7:SG,DVQLQESGGGSVQAGGSLRLSCVASGWIYIPPSMAWFRQAPGKERERVATINPSGRTYYADSTKGRFTISQDNVKRTLYLYMNSLKPEDTATYYCAADDGTGPRMEFDDWGQGTQVTVSS,53.0,https://doi.org/10.1074/jbc.M111.242818,Camel,DVQLQESGGGSVQAGGSLRLSC,VASGWIYIPPSMA,WFRQAPGKERERV,ATINPSGRT,YYADSTKGRFTISQDNVKRTLYLYMNSLKPEDTATYYC,AADDGTGPRMEFDD,WGQGTQVTVSS,variant surface glycoprotein,cAbPSA,N7:SG
cAbLys3:SP,DVQLQASGGGSVQAGGSLRLSCAASGYTIGPYSMGWFRQAPGKEREGVAAINMGGGITYYADSVKGRFTISQDNAKNTVYLLMNSLEPEDTAIYYCAADSTIYASYYEPGHGLSTGGYGYDSWGQGTQVTVSS,59.0,https://doi.org/10.1074/jbc.M111.242818,Camel,DVQLQASGGGSVQAGGSLRLSC,AASGYTIGPYSMG,WFRQAPGKEREGV,AAINMGGGIT,YYADSVKGRFTISQDNAKNTVYLLMNSLEPEDTAIYYC,AADSTIYASYYEPGHGLSTGGYGYDS,WGQGTQVTVSS,Human Lysozyme,cAbLys3,SP
BM_GFP2:FG,DVQLQESGGGSVQAGGSLRLSCAASPYFSLRSFVAWFRQAPGKEREGVATIFTSTGSTYYADSVKGRFTISQDNANTVSLQMNSLEPEDAAMYYCAIEGRPMIGGPSGSMGSPNSYTYWGQGTQVTVSS,67.0,https://doi.org/10.1074/jbc.M111.242818,Camel,DVQLQESGGGSVQAGGSLRLSC,AASPYFSLRSFVA,WFRQAPGKEREGV,ATIFTSTGST,YYADSVKGRFTISQDNANTVSLQMNSLEPEDAAMYYC,AIEGRPMIGGPSGSMGSPNSYTY,WGQGTQVTVSS,green fluorescent protein,BM_GFP2,FG
BM_GFP2:EL,DVQLQESGGGSVQAGGSLRLSCAASPYFSLRSEVAWFRQAPGKEREGVATIFTSTGSTYYADSVKGRFTISQDNANTVSLQMNSLEPEDAAMYYCAIEGRPMIGGPSLSMGSPNSYTYWGQGTQVTVSS,63.0,https://doi.org/10.1074/jbc.M111.242818,Camel,DVQLQESGGGSVQAGGSLRLSC,AASPYFSLRSEVA,WFRQAPGKEREGV,ATIFTSTGST,YYADSVKGRFTISQDNANTVSLQMNSLEPEDAAMYYC,AIEGRPMIGGPSLSMGSPNSYTY,WGQGTQVTVSS,green fluorescent protein,BM_GFP2,EL
BM_GFP2:IA,DVQLQESGGGSVQAGGSLRLSCAASPYFSLRSIVAWFRQAPGKEREGVATIFTSTGSTYYADSVKGRFTISQDNANTVSLQMNSLEPEDAAMYYCAIEGRPMIGGPSASMGSPNSYTYWGQGTQVTVSS,69.0,https://doi.org/10.1074/jbc.M111.242818,Camel,DVQLQESGGGSVQAGGSLRLSC,AASPYFSLRSIVA,WFRQAPGKEREGV,ATIFTSTGST,YYADSVKGRFTISQDNANTVSLQMNSLEPEDAAMYYC,AIEGRPMIGGPSASMGSPNSYTY,WGQGTQVTVSS,green fluorescent protein,BM_GFP2,IA
BM_GFP2:VS,DVQLQESGGGSVQAGGSLRLSCAASPYFSLRSVVAWFRQAPGKEREGVATIFTSTGSTYYADSVKGRFTISQDNANTVSLQMNSLEPEDAAMYYCAIEGRPMIGGPSSSMGSPNSYTYWGQGTQVTVSS,70.0,https://doi.org/10.1074/jbc.M111.242818,Camel,DVQLQESGGGSVQAGGSLRLSC,AASPYFSLRSVVA,WFRQAPGKEREGV,ATIFTSTGST,YYADSVKGRFTISQDNANTVSLQMNSLEPEDAAMYYC,AIEGRPMIGGPSSSMGSPNSYTY,WGQGTQVTVSS,green fluorescent protein,BM_GFP2,VS
BM_GFP3:LP,DVQLQESGGGSVQAGGSLRLSCAASGFPFSNYLMGWFRQAPGKEREGVATISRLGMFTEYADSVQGRFIISRDNAQNMVFLQMNNLTPEDTAIYYCAAVSTSSSDPRPRLPSQEYTYWGQGTQVTVSS,71.0,https://doi.org/10.1074/jbc.M111.242818,Camel,DVQLQESGGGSVQAGGSLRLSC,AASGFPFSNYLMG,WFRQAPGKEREGV,ATISRLGMFT,EYADSVQGRFIISRDNAQNMVFLQMNNLTPEDTAIYYC,AAVSTSSSDPRPRLPSQEYTY,WGQGTQVTVSS,green fluorescent protein,BM_GFP3,LP
BM_GFP3:VP,DVQLQESGGGSVQAGGSLRLSCAASGFPFSNYVMGWFRQAPGKEREGVATISRLGMFTEYADSVQGRFIISRDNAQNMVFLQMNNLTPEDTAIYYCAAVSTSSSDPRPRLPSQEYTYWGQGTQVTVSS,69.0,https://doi.org/10.1074/jbc.M111.242818,Camel,DVQLQESGGGSVQAGGSLRLSC,AASGFPFSNYVMG,WFRQAPGKEREGV,ATISRLGMFT,EYADSVQGRFIISRDNAQNMVFLQMNNLTPEDTAIYYC,AAVSTSSSDPRPRLPSQEYTY,WGQGTQVTVSS,green fluorescent protein,BM_GFP3,VP
BM_GFP3:LR,DVQLQESGGGSVQAGGSLRLSCAASGFPFSNYLMGWFRQAPGKEREGVATISRLGMFTEYADSVQGRFIISRDNAQNMVFLQMNNLTPEDTAIYYCAAVSTSSSDRRPRLPSQEYTYWGQGTQVTVSS,74.0,https://doi.org/10.1074/jbc.M111.242818,Camel,DVQLQESGGGSVQAGGSLRLSC,AASGFPFSNYLMG,WFRQAPGKEREGV,ATISRLGMFT,EYADSVQGRFIISRDNAQNMVFLQMNNLTPEDTAIYYC,AAVSTSSSDRRPRLPSQEYTY,WGQGTQVTVSS,green fluorescent protein,BM_GFP3,LR
BM_GFP3:ER,DVQLQESGGGSVQAGGSLRLSCAASGFPFSNYEMGWFRQAPGKEREGVATISRLGMFTEYADSVQGRFIISRDNAQNMVFLQMNNLTPEDTAIYYCAAVSTSSSDRRPRLPSQEYTYWGQGTQVTVSS,69.0,https://doi.org/10.1074/jbc.M111.242818,Camel,DVQLQESGGGSVQAGGSLRLSC,AASGFPFSNYEMG,WFRQAPGKEREGV,ATISRLGMFT,EYADSVQGRFIISRDNAQNMVFLQMNNLTPEDTAIYYC,AAVSTSSSDRRPRLPSQEYTY,WGQGTQVTVSS,green fluorescent protein,BM_GFP3,ER
BM_GFP3:LG,DVQLQESGGGSVQAGGSLRLSCAASGFPFSNYLMGWFRQAPGKEREGVATISRLGMFTEYADSVQGRFIISRDNAQNMVFLQMNNLTPEDTAIYYCAAVSTSSSDGRPRLPSQEYTYWGQGTQVTVSS,70.0,https://doi.org/10.1074/jbc.M111.242818,Camel,DVQLQESGGGSVQAGGSLRLSC,AASGFPFSNYLMG,WFRQAPGKEREGV,ATISRLGMFT,EYADSVQGRFIISRDNAQNMVFLQMNNLTPEDTAIYYC,AAVSTSSSDGRPRLPSQEYTY,WGQGTQVTVSS,green fluorescent protein,BM_GFP3,LG
BM_GFP3:VG,DVQLQESGGGSVQAGGSLRLSCAASGFPFSNYVMGWFRQAPGKEREGVATISRLGMFTEYADSVQGRFIISRDNAQNMVFLQMNNLTPEDTAIYYCAAVSTSSSDGRPRLPSQEYTYWGQGTQVTVSS,72.0,https://doi.org/10.1074/jbc.M111.242818,Camel,DVQLQESGGGSVQAGGSLRLSC,AASGFPFSNYVMG,WFRQAPGKEREGV,ATISRLGMFT,EYADSVQGRFIISRDNAQNMVFLQMNNLTPEDTAIYYC,AAVSTSSSDGRPRLPSQEYTY,WGQGTQVTVSS,green fluorescent protein,BM_GFP3,VG
Nb02-M0,EVQLQASGGGLVQAGGSLRLSCAASGFTNERSQNMGWFRQAPGKEREGVACISSRVVECWYADSVKGRFTISRDNAKNTVYLQMNSLKPEDTAVYYCAAPRAITGTSFVGEHMCDYWGQGTQVTVSS,43.38,https://doi.org/10.3390/ijms20174187,Unknown,EVQLQASGGGLVQAGGSLRLSC,AASGFTNERSQNMG,WFRQAPGKEREGV,ACISSRVVEC,WYADSVKGRFTISRDNAKNTVYLQMNSLKPEDTAVYYC,AAPRAITGTSFVGEHMCDY,WGQGTQVTVSS,CD47,Nb02,M0
Nb02-M1,EVQLQASGGGLVQAGGSLRLSCAASGFTNERSQNMGWFRQAPGKEREGVACIQSRVVECWYADSVKGRFTISRDNAKNTVYLQMNSLKPEDTAVYYCAAPRAITWHSFVGEHMCDYWGQGTQVTVSS,57.47,https://doi.org/10.3390/ijms20174187,Unknown,EVQLQASGGGLVQAGGSLRLSC,AASGFTNERSQNMG,WFRQAPGKEREGV,ACIQSRVVEC,WYADSVKGRFTISRDNAKNTVYLQMNSLKPEDTAVYYC,AAPRAITWHSFVGEHMCDY,WGQGTQVTVSS,CD47,Nb02,M1
Nb02-M2,EVQLQASGGGLVQAGGSLRLSCAASGFTNERSQNMGWFRQAPGKEREGVACIQSRVVECWYADSVKGRFTISRDNAKNTVYLQMNSLKPEDTAVYYCAAPRAITWTVFVGEHMCDYWGQGTQVTVSS,60.59,https://doi.org/10.3390/ijms20174187,Unknown,EVQLQASGGGLVQAGGSLRLSC,AASGFTNERSQNMG,WFRQAPGKEREGV,ACIQSRVVEC,WYADSVKGRFTISRDNAKNTVYLQMNSLKPEDTAVYYC,AAPRAITWTVFVGEHMCDY,WGQGTQVTVSS,CD47,Nb02,M2
Nb02-M3,EVQLQASGGGLVQAGGSLRLSCAASGFTNERSQNMGWFRQAPGKEREGVACIQSRVVECWYADSVKGRFTISRDNAKNTVYLQMNSLKPEDTAVYYCAAPRAITGHVFVGEHMCDYWGQGTQVTVSS,60.01,https://doi.org/10.3390/ijms20174187,Unknown,EVQLQASGGGLVQAGGSLRLSC,AASGFTNERSQNMG,WFRQAPGKEREGV,ACIQSRVVEC,WYADSVKGRFTISRDNAKNTVYLQMNSLKPEDTAVYYC,AAPRAITGHVFVGEHMCDY,WGQGTQVTVSS,CD47,Nb02,M3
Nb02-M4,EVQLQASGGGLVQAGGSLRLSCAASGFTNERSQNMGWFRQAPGKEREGVACIQSRVVECWYADSVKGRFTISRDNAKNTVYLQMNSLKPEDTAVYYCAAPRAITGHSAVGEHMCDYWGQGTQVTVSS,43.08,https://doi.org/10.3390/ijms20174187,Unknown,EVQLQASGGGLVQAGGSLRLSC,AASGFTNERSQNMG,WFRQAPGKEREGV,ACIQSRVVEC,WYADSVKGRFTISRDNAKNTVYLQMNSLKPEDTAVYYC,AAPRAITGHSAVGEHMCDY,WGQGTQVTVSS,CD47,Nb02,M4
Nb02-M5,EVQLQASGGGLVQAGGSLRLSCAASGFTNERSQNMGWFRQAPGKEREGVACISSRVVECWYADSVKGRFTISRDNAKNTVYLQMNSLKPEDTAVYYCAAPRAITWHVFVGEHMCDYWGQGTQVTVSS,51.16,https://doi.org/10.3390/ijms20174187,Unknown,EVQLQASGGGLVQAGGSLRLSC,AASGFTNERSQNMG,WFRQAPGKEREGV,ACISSRVVEC,WYADSVKGRFTISRDNAKNTVYLQMNSLKPEDTAVYYC,AAPRAITWHVFVGEHMCDY,WGQGTQVTVSS,CD47,Nb02,M5
Nb02-M6,EVQLQASGGGLVQAGGSLRLSCAASGFTNERSQNMGWFRQAPGKEREGVACIQSRVVECWYADSVKGRFTISRDNAKNTVYLQMNSLKPEDTAVYYCAAPRAITWHVFVGEHMCDYWGQGTQVTVSS,48.91,https://doi.org/10.3390/ijms20174187,Unknown,EVQLQASGGGLVQAGGSLRLSC,AASGFTNERSQNMG,WFRQAPGKEREGV,ACIQSRVVEC,WYADSVKGRFTISRDNAKNTVYLQMNSLKPEDTAVYYC,AAPRAITWHVFVGEHMCDY,WGQGTQVTVSS,CD47,Nb02,M6
Nb02-M7,EVQLQASGGGLVQAGGSLRLSCAASGFTNERSQNMGWFRQAPGKEREGVACISSRVVECWYADSVKGRFTISRDNAKNTVYLQMNSLKPEDTAVYYCAAPRAITWHVAVGEHMCDYWGQGTQVTVSS,50.74,https://doi.org/10.3390/ijms20174187,Unknown,EVQLQASGGGLVQAGGSLRLSC,AASGFTNERSQNMG,WFRQAPGKEREGV,ACISSRVVEC,WYADSVKGRFTISRDNAKNTVYLQMNSLKPEDTAVYYC,AAPRAITWHVAVGEHMCDY,WGQGTQVTVSS,CD47,Nb02,M7
VHH:C24A:C98A,QVQLVESGGSLVQPGGSLRLSAAASGRFAESSSMGWFRQAPGKEREFVAAISWSGGATNYADSAKGRFTLSRDNTKNTVYLQMNSLKPDDTAVYYCAANLGNYISSNQRLYGYWGQGTQVTVSS,47.25,https://doi.org/10.1021/acs.nanolett.9b02062,Unknown,QVQLVESGGSLVQPGGSLRLSA,AASGRFAESSSMG,WFRQAPGKEREFV,AAISWSGGAT,NYADSAKGRFTLSRDNTKNTVYLQMNSLKPDDTAVYYC,AANLGNYISSNQRLYGY,WGQGTQVTVSS,mCherry receptor,VHH,C24A:C98A
VHH:C24A,QVQLVESGGSLVQPGGSLRLSCAASGRFAESSSMGWFRQAPGKEREFVAAISWSGGATNYADSAKGRFTLSRDNTKNTVYLQMNSLKPDDTAVYYAAANLGNYISSNQRLYGYWGQGTQVTVSS,46.8,https://doi.org/10.1021/acs.nanolett.9b02062,Unknown,QVQLVESGGSLVQPGGSLRLSC,AASGRFAESSSMG,WFRQAPGKEREFV,AAISWSGGAT,NYADSAKGRFTLSRDNTKNTVYLQMNSLKPDDTAVYYA,AANLGNYISSNQRLYGY,WGQGTQVTVSS,mCherry receptor,VHH,C24A
VHH:C98A,QVQLVESGGSLVQPGGSLRLSAAASGRFAESSSMGWFRQAPGKEREFVAAISWSGGATNYADSAKGRFTLSRDNTKNTVYLQMNSLKPDDTAVYYAAANLGNYISSNQRLYGYWGQGTQVTVSS,47.02,https://doi.org/10.1021/acs.nanolett.9b02062,Unknown,QVQLVESGGSLVQPGGSLRLSA,AASGRFAESSSMG,WFRQAPGKEREFV,AAISWSGGAT,NYADSAKGRFTLSRDNTKNTVYLQMNSLKPDDTAVYYA,AANLGNYISSNQRLYGY,WGQGTQVTVSS,mCherry receptor,VHH,C98A
EBOV-GP-E7,DVQLQASGGGLVQAGGSLRLSCAASSGTFSSYTMGWFRQAPGKERELVARLSQSLTTLYADSVKGRFTISRDNAENTVYLQNNSLKPEDTGVYYCAAHPGTYGSAWLISPHDYAYWGQGTQVTVSS,54.0,https://doi.org/10.1186/s12934-017-0837-z,Llama,DVQLQASGGGLVQAGGSLRLSC,AASSGTFSSYTMG,WFRQAPGKERELV,ARLSQSLTT,LYADSVKGRFTISRDNAENTVYLQNNSLKPEDTGVYYC,AAHPGTYGSAWLISPHDYAY,WGQGTQVTVSS,,EBOV,GP-E7
EBOV-GP-G6,DVQLQASGGGLVQAGGSLRISCAASGGALSDYNMGWFRQAPGKEREFVAVVTWSGGSTRYADSVNGRFTISRDNAKNTVYLQMNSLKPEDTAVYYCAAAPLTPFQSLGDMKAYNYWGQGTQVTVSS,67.0,https://doi.org/10.1186/s12934-017-0837-z,Llama,DVQLQASGGGLVQAGGSLRISC,AASGGALSDYNMG,WFRQAPGKEREFV,AVVTWSGGST,RYADSVNGRFTISRDNAKNTVYLQMNSLKPEDTAVYYC,AAAPLTPFQSLGDMKAYNY,WGQGTQVTVSS,,EBOV,GP-G6
EBOV-GP-H7,EVQLQASGGGLVQTGGSLRLACAGSGRSFNNYGMGWFRQAPGKERQFVAAISGNDHTTHYSDSVKGRFTISRDNAKTTVYLQMNSLKPEDTAVYYCAADRLGSFFFPRASPSDYGYWGQGTQVTVSS,68.0,https://doi.org/10.1186/s12934-017-0837-z,Llama,EVQLQASGGGLVQTGGSLRLAC,AGSGRSFNNYGMG,WFRQAPGKERQFV,AAISGNDHTT,HYSDSVKGRFTISRDNAKTTVYLQMNSLKPEDTAVYYC,AADRLGSFFFPRASPSDYGY,WGQGTQVTVSS,,EBOV,GP-H7
EBOV-GP-A8,EVQLQASGGGLVQPRGSLRLSCAASGSIFSINAMGWYRQTPEKQRELVATISSSGSTKYGDSVKGRFTISRDNAKNTVYLQMNSLKPEDTAVYYCNTQTAGLVADWGTSHYDYWGQGVQVTVSS,60.0,https://doi.org/10.1186/s12934-017-0837-z,Llama,EVQLQASGGGLVQPRGSLRLSC,AASGSIFSINAMG,WYRQTPEKQRELV,ATISSSGST,KYGDSVKGRFTISRDNAKNTVYLQMNSLKPEDTAVYYC,NTQTAGLVADWGTSHYDY,WGQGVQVTVSS,,EBOV,GP-A8
EBOV-GP-D1,EVQLQASGGGLVQPGGSLRLSCTASGSIFSINAMGWYRQTPRKERELVAAISEGGSTKYGDSVKGRFTISRDFAKNTQMVYLQMNSLKAEDTAVYYCKAQTEGPIADWGTSQYEYWGQGTQVTVSS,51.0,https://doi.org/10.1186/s12934-017-0837-z,Llama,EVQLQASGGGLVQPGGSLRLSC,TASGSIFSINAMG,WYRQTPRKERELV,AAISEGGST,KYGDSVKGRFTISRDFAKNTQMVYLQMNSLKAEDTAVYYC,KAQTEGPIADWGTSQYEY,WGQGTQVTVSS,,EBOV,GP-D1
EBOV-GP-B5,EVQLQASGGGLAQAGGSLQLSCAAPGRPVRTYTMGWFRQAPGKEREFVAANNWRGTRYAGSVRGRESISRDNSKNTVYLQMNSLKPEDTAVYYCACAVTADLLLSGNYFRGQDYDYWGQGTQVTVSS,60.0,https://doi.org/10.1186/s12934-017-0837-z,Llama,EVQLQASGGGLAQAGGSLQLSC,AAPGRPVRTYTMG,WFRQAPGKEREFV,AANNWRGT,RYAGSVRGRESISRDNSKNTVYLQMNSLKPEDTAVYYC,ACAVTADLLLSGNYFRGQDYDY,WGQGTQVTVSS,,EBOV,GP-B5
EBOV-GP-C12,EVQLQASGGGSVPPGGSLRLSCTASLRAFSTYTMGWFRQAPGKEREFVAASNWRGTDFHDSVRGRFIISRDNTEKTVLQMNSLKPEDTAIYYCAADGSTWLKRSDYSYWGQGTQVTVSS,62.0,https://doi.org/10.1186/s12934-017-0837-z,Llama,EVQLQASGGGSVPPGGSLRLSC,TASLRAFSTYTMG,WFRQAPGKEREFV,AASNWRGT,DFHDSVRGRFIISRDNTEKTVLQMNSLKPEDTAIYYC,AADGSTWLKRSDYSY,WGQGTQVTVSS,,EBOV,GP-C12
EBOV-GP-G11,EVQLQASGGGLVQAGGSLRLSCTASLRAFSTYTMGWFRQAPGKEREFVAASNWRGTDFHDSVKGRFIISRDNTKKTVDLQMNSLKPEDTAIYYCAADGSTWLKRSDYSYWGQGTQVTVSS,46.0,https://doi.org/10.1186/s12934-017-0837-z,Llama,EVQLQASGGGLVQAGGSLRLSC,TASLRAFSTYTMG,WFRQAPGKEREFV,AASNWRGT,DFHDSVKGRFIISRDNTKKTVDLQMNSLKPEDTAIYYC,AADGSTWLKRSDYSY,WGQGTQVTVSS,,EBOV,GP-G11
EBOV-GP-G3,EVQLQASGGGLVEPGGSLRLSCAVSGINFNINHWGWYRQAPGKQREWVATIAIGGATDYADSLKGRFTISRDNMKNTVYLQMSSLRPEDTAVFYCNGVGSKWSDRWGQGTQVTVSS,61.0,https://doi.org/10.1186/s12934-017-0837-z,Llama,EVQLQASGGGLVEPGGSLRLSC,AVSGINFNINHWG,WYRQAPGKQREWV,ATIAIGGAT,DYADSLKGRFTISRDNMKNTVYLQMSSLRPEDTAVFYC,NGVGSKWSDR,WGQGTQVTVSS,,EBOV,GP-G3
EBOV-GP-B11,EVQLQASGGGLVEPGGSLRLSCAVSGINFNINHWGWYRQAPGKQREWVATIAIGGATDYADSLKGRFTISRDNMKNTVYLQMNSLRPEDTAVYYCNGVGSKWSVRWGQGTQVTVSS,62.0,https://doi.org/10.1186/s12934-017-0837-z,Llama,EVQLQASGGGLVEPGGSLRLSC,AVSGINFNINHWG,WYRQAPGKQREWV,ATIAIGGAT,DYADSLKGRFTISRDNMKNTVYLQMNSLRPEDTAVYYC,NGVGSKWSVR,WGQGTQVTVSS,,EBOV,GP-B11
A26.8:T103R,QVKLEESGGGLVQAGGSLRLSCAASERTFSRYPVAWFRQAPGAEREFVAVISSTGTSTYYADSVKGRFTISRDNAKVTVYLQMNNLKREDTAVYFCAVNSQRRRLQDPNEYDYWGQGTQVTVSS,79.1,https://doi.org/10.1038/s41598-018-20599-4,Camel,QVKLEESGGGLVQAGGSLRLSC,AASERTFSRYPVA,WFRQAPGAEREFV,AVISSTGTST,YYADSVKGRFTISRDNAKVTVYLQMNNLKREDTAVYFC,AVNSQRRRLQDPNEYDY,WGQGTQVTVSS,Clostridium difficile toxin A (TcdA),A26.8,T103R
A26.8:T56R,QVKLEESGGGLVQAGGSLRLSCAASERTFSRYPVAWFRQAPGAEREFVAVISSTGRSTYYADSVKGRFTISRDNAKVTVYLQMNNLKREDTAVYFCAVNSQRTRLQDPNEYDYWGQGTQVTVSS,77.2,https://doi.org/10.1038/s41598-018-20599-4,Camel,QVKLEESGGGLVQAGGSLRLSC,AASERTFSRYPVA,WFRQAPGAEREFV,AVISSTGRST,YYADSVKGRFTISRDNAKVTVYLQMNNLKREDTAVYFC,AVNSQRTRLQDPNEYDY,WGQGTQVTVSS,Clostridium difficile toxin A (TcdA),A26.8,T56R
A26.8:Q101K,QVKLEESGGGLVQAGGSLRLSCAASERTFSRYPVAWFRQAPGAEREFVAVISSTGTSTYYADSVKGRFTISRDNAKVTVYLQMNNLKREDTAVYFCAVNSKRTRLQDPNEYDYWGQGTQVTVSS,81.4,https://doi.org/10.1038/s41598-018-20599-4,Camel,QVKLEESGGGLVQAGGSLRLSC,AASERTFSRYPVA,WFRQAPGAEREFV,AVISSTGTST,YYADSVKGRFTISRDNAKVTVYLQMNNLKREDTAVYFC,AVNSKRTRLQDPNEYDY,WGQGTQVTVSS,Clostridium difficile toxin A (TcdA),A26.8,Q101K
A26.8:T103K,QVKLEESGGGLVQAGGSLRLSCAASERTFSRYPVAWFRQAPGAEREFVAVISSTGTSTYYADSVKGRFTISRDNAKVTVYLQMNNLKREDTAVYFCAVNSQRKRLQDPNEYDYWGQGTQVTVSS,78.5,https://doi.org/10.1038/s41598-018-20599-4,Camel,QVKLEESGGGLVQAGGSLRLSC,AASERTFSRYPVA,WFRQAPGAEREFV,AVISSTGTST,YYADSVKGRFTISRDNAKVTVYLQMNNLKREDTAVYFC,AVNSQRKRLQDPNEYDY,WGQGTQVTVSS,Clostridium difficile toxin A (TcdA),A26.8,T103K
A26.8:T54R,QVKLEESGGGLVQAGGSLRLSCAASERTFSRYPVAWFRQAPGAEREFVAVISSRGTSTYYADSVKGRFTISRDNAKVTVYLQMNNLKREDTAVYFCAVNSQRTRLQDPNEYDYWGQGTQVTVSS,75.5,https://doi.org/10.1038/s41598-018-20599-4,Camel,QVKLEESGGGLVQAGGSLRLSC,AASERTFSRYPVA,WFRQAPGAEREFV,AVISSRGTST,YYADSVKGRFTISRDNAKVTVYLQMNNLKREDTAVYFC,AVNSQRTRLQDPNEYDY,WGQGTQVTVSS,Clostridium difficile toxin A (TcdA),A26.8,T54R
A26.8:T58K,QVKLEESGGGLVQAGGSLRLSCAASERTFSRYPVAWFRQAPGAEREFVAVISSTGTSKYYADSVKGRFTISRDNAKVTVYLQMNNLKREDTAVYFCAVNSQRTRLQDPNEYDYWGQGTQVTVSS,76.9,https://doi.org/10.1038/s41598-018-20599-4,Camel,QVKLEESGGGLVQAGGSLRLSC,AASERTFSRYPVA,WFRQAPGAEREFV,AVISSTGTSK,YYADSVKGRFTISRDNAKVTVYLQMNNLKREDTAVYFC,AVNSQRTRLQDPNEYDY,WGQGTQVTVSS,Clostridium difficile toxin A (TcdA),A26.8,T58K
A26.8:T56I,QVKLEESGGGLVQAGGSLRLSCAASERTFSRYPVAWFRQAPGAEREFVAVISSTGISTYYADSVKGRFTISRDNAKVTVYLQMNNLKREDTAVYFCAVNSQRTRLQDPNEYDYWGQGTQVTVSS,76.5,https://doi.org/10.1038/s41598-018-20599-4,Camel,QVKLEESGGGLVQAGGSLRLSC,AASERTFSRYPVA,WFRQAPGAEREFV,AVISSTGIST,YYADSVKGRFTISRDNAKVTVYLQMNNLKREDTAVYFC,AVNSQRTRLQDPNEYDY,WGQGTQVTVSS,Clostridium difficile toxin A (TcdA),A26.8,T56I
A26.8:T103M,QVKLEESGGGLVQAGGSLRLSCAASERTFSRYPVAWFRQAPGAEREFVAVISSTGTSTYYADSVKGRFTISRDNAKVTVYLQMNNLKREDTAVYFCAVNSQRMRLQDPNEYDYWGQGTQVTVSS,77.4,https://doi.org/10.1038/s41598-018-20599-4,Camel,QVKLEESGGGLVQAGGSLRLSC,AASERTFSRYPVA,WFRQAPGAEREFV,AVISSTGTST,YYADSVKGRFTISRDNAKVTVYLQMNNLKREDTAVYFC,AVNSQRMRLQDPNEYDY,WGQGTQVTVSS,Clostridium difficile toxin A (TcdA),A26.8,T103M
A26.8:N109R,QVKLEESGGGLVQAGGSLRLSCAASERTFSRYPVAWFRQAPGAEREFVAVISSTGTSTYYADSVKGRFTISRDNAKVTVYLQMNNLKREDTAVYFCAVNSQRTRLQDPREYDYWGQGTQVTVSS,77.6,https://doi.org/10.1038/s41598-018-20599-4,Camel,QVKLEESGGGLVQAGGSLRLSC,AASERTFSRYPVA,WFRQAPGAEREFV,AVISSTGTST,YYADSVKGRFTISRDNAKVTVYLQMNNLKREDTAVYFC,AVNSQRTRLQDPREYDY,WGQGTQVTVSS,Clostridium difficile toxin A (TcdA),A26.8,N109R
A26.8:T103W,QVKLEESGGGLVQAGGSLRLSCAASERTFSRYPVAWFRQAPGAEREFVAVISSTGTSTYYADSVKGRFTISRDNAKVTVYLQMNNLKREDTAVYFCAVNSQRWRLQDPNEYDYWGQGTQVTVSS,77.5,https://doi.org/10.1038/s41598-018-20599-4,Camel,QVKLEESGGGLVQAGGSLRLSC,AASERTFSRYPVA,WFRQAPGAEREFV,AVISSTGTST,YYADSVKGRFTISRDNAKVTVYLQMNNLKREDTAVYFC,AVNSQRWRLQDPNEYDY,WGQGTQVTVSS,Clostridium difficile toxin A (TcdA),A26.8,T103W
A26.8:D107R,QVKLEESGGGLVQAGGSLRLSCAASERTFSRYPVAWFRQAPGAEREFVAVISSTGTSTYYADSVKGRFTISRDNAKVTVYLQMNNLKREDTAVYFCAVNSQRTRLQRPNEYDYWGQGTQVTVSS,70.8,https://doi.org/10.1038/s41598-018-20599-4,Camel,QVKLEESGGGLVQAGGSLRLSC,AASERTFSRYPVA,WFRQAPGAEREFV,AVISSTGTST,YYADSVKGRFTISRDNAKVTVYLQMNNLKREDTAVYFC,AVNSQRTRLQRPNEYDY,WGQGTQVTVSS,Clostridium difficile toxin A (TcdA),A26.8,D107R
A26.8:D107N,QVKLEESGGGLVQAGGSLRLSCAASERTFSRYPVAWFRQAPGAEREFVAVISSTGTSTYYADSVKGRFTISRDNAKVTVYLQMNNLKREDTAVYFCAVNSQRTRLQNPNEYDYWGQGTQVTVSS,74.9,https://doi.org/10.1038/s41598-018-20599-4,Camel,QVKLEESGGGLVQAGGSLRLSC,AASERTFSRYPVA,WFRQAPGAEREFV,AVISSTGTST,YYADSVKGRFTISRDNAKVTVYLQMNNLKREDTAVYFC,AVNSQRTRLQNPNEYDY,WGQGTQVTVSS,Clostridium difficile toxin A (TcdA),A26.8,D107N
A26.8:E110Q,QVKLEESGGGLVQAGGSLRLSCAASERTFSRYPVAWFRQAPGAEREFVAVISSTGTSTYYADSVKGRFTISRDNAKVTVYLQMNNLKREDTAVYFCAVNSQRTRLQDPNQYDYWGQGTQVTVSS,78.1,https://doi.org/10.1038/s41598-018-20599-4,Camel,QVKLEESGGGLVQAGGSLRLSC,AASERTFSRYPVA,WFRQAPGAEREFV,AVISSTGTST,YYADSVKGRFTISRDNAKVTVYLQMNNLKREDTAVYFC,AVNSQRTRLQDPNQYDY,WGQGTQVTVSS,Clostridium difficile toxin A (TcdA),A26.8,E110Q
A26.8:T54W,QVKLEESGGGLVQAGGSLRLSCAASERTFSRYPVAWFRQAPGAEREFVAVISSWGTSTYYADSVKGRFTISRDNAKVTVYLQMNNLKREDTAVYFCAVNSQRTRLQDPNEYDYWGQGTQVTVSS,74.0,https://doi.org/10.1038/s41598-018-20599-4,Camel,QVKLEESGGGLVQAGGSLRLSC,AASERTFSRYPVA,WFRQAPGAEREFV,AVISSWGTST,YYADSVKGRFTISRDNAKVTVYLQMNNLKREDTAVYFC,AVNSQRTRLQDPNEYDY,WGQGTQVTVSS,Clostridium difficile toxin A (TcdA),A26.8,T54W
A26.8:T54Y,QVKLEESGGGLVQAGGSLRLSCAASERTFSRYPVAWFRQAPGAEREFVAVISSYGTSTYYADSVKGRFTISRDNAKVTVYLQMNNLKREDTAVYFCAVNSQRTRLQDPNEYDYWGQGTQVTVSS,76.0,https://doi.org/10.1038/s41598-018-20599-4,Camel,QVKLEESGGGLVQAGGSLRLSC,AASERTFSRYPVA,WFRQAPGAEREFV,AVISSYGTST,YYADSVKGRFTISRDNAKVTVYLQMNNLKREDTAVYFC,AVNSQRTRLQDPNEYDY,WGQGTQVTVSS,Clostridium difficile toxin A (TcdA),A26.8,T54Y
A26.8:D107Y,QVKLEESGGGLVQAGGSLRLSCAASERTFSRYPVAWFRQAPGAEREFVAVISSTGTSTYYADSVKGRFTISRDNAKVTVYLQMNNLKREDTAVYFCAVNSQRTRLQYPNEYDYWGQGTQVTVSS,73.4,https://doi.org/10.1038/s41598-018-20599-4,Camel,QVKLEESGGGLVQAGGSLRLSC,AASERTFSRYPVA,WFRQAPGAEREFV,AVISSTGTST,YYADSVKGRFTISRDNAKVTVYLQMNNLKREDTAVYFC,AVNSQRTRLQYPNEYDY,WGQGTQVTVSS,Clostridium difficile toxin A (TcdA),A26.8,D107Y
A26.8:R104W,QVKLEESGGGLVQAGGSLRLSCAASERTFSRYPVAWFRQAPGAEREFVAVISSTGTSTYYADSVKGRFTISRDNAKVTVYLQMNNLKREDTAVYFCAVNSQRTWLQDPNEYDYWGQGTQVTVSS,77.3,https://doi.org/10.1038/s41598-018-20599-4,Camel,QVKLEESGGGLVQAGGSLRLSC,AASERTFSRYPVA,WFRQAPGAEREFV,AVISSTGTST,YYADSVKGRFTISRDNAKVTVYLQMNNLKREDTAVYFC,AVNSQRTWLQDPNEYDY,WGQGTQVTVSS,Clostridium difficile toxin A (TcdA),A26.8,R104W
A26.8:S53R,QVKLEESGGGLVQAGGSLRLSCAASERTFSRYPVAWFRQAPGAEREFVAVISRTGTSTYYADSVKGRFTISRDNAKVTVYLQMNNLKREDTAVYFCAVNSQRTRLQDPNEYDYWGQGTQVTVSS,74.0,https://doi.org/10.1038/s41598-018-20599-4,Camel,QVKLEESGGGLVQAGGSLRLSC,AASERTFSRYPVA,WFRQAPGAEREFV,AVISRTGTST,YYADSVKGRFTISRDNAKVTVYLQMNNLKREDTAVYFC,AVNSQRTRLQDPNEYDY,WGQGTQVTVSS,Clostridium difficile toxin A (TcdA),A26.8,S53R
A26.8:Q106L,QVKLEESGGGLVQAGGSLRLSCAASERTFSRYPVAWFRQAPGAEREFVAVISSTGTSTYYADSVKGRFTISRDNAKVTVYLQMNNLKREDTAVYFCAVNSQRTRLLDPNEYDYWGQGTQVTVSS,80.0,https://doi.org/10.1038/s41598-018-20599-4,Camel,QVKLEESGGGLVQAGGSLRLSC,AASERTFSRYPVA,WFRQAPGAEREFV,AVISSTGTST,YYADSVKGRFTISRDNAKVTVYLQMNNLKREDTAVYFC,AVNSQRTRLLDPNEYDY,WGQGTQVTVSS,Clostridium difficile toxin A (TcdA),A26.8,Q106L
A26.8:Q106W,QVKLEESGGGLVQAGGSLRLSCAASERTFSRYPVAWFRQAPGAEREFVAVISSTGTSTYYADSVKGRFTISRDNAKVTVYLQMNNLKREDTAVYFCAVNSQRTRLWDPNEYDYWGQGTQVTVSS,79.7,https://doi.org/10.1038/s41598-018-20599-4,Camel,QVKLEESGGGLVQAGGSLRLSC,AASERTFSRYPVA,WFRQAPGAEREFV,AVISSTGTST,YYADSVKGRFTISRDNAKVTVYLQMNNLKREDTAVYFC,AVNSQRTRLWDPNEYDY,WGQGTQVTVSS,Clostridium difficile toxin A (TcdA),A26.8,Q106W
A26.8:Q106Y,QVKLEESGGGLVQAGGSLRLSCAASERTFSRYPVAWFRQAPGAEREFVAVISSTGTSTYYADSVKGRFTISRDNAKVTVYLQMNNLKREDTAVYFCAVNSQRTRLYDPNEYDYWGQGTQVTVSS,79.0,https://doi.org/10.1038/s41598-018-20599-4,Camel,QVKLEESGGGLVQAGGSLRLSC,AASERTFSRYPVA,WFRQAPGAEREFV,AVISSTGTST,YYADSVKGRFTISRDNAKVTVYLQMNNLKREDTAVYFC,AVNSQRTRLYDPNEYDY,WGQGTQVTVSS,Clostridium difficile toxin A (TcdA),A26.8,Q106Y
A26.8:Q106F,QVKLEESGGGLVQAGGSLRLSCAASERTFSRYPVAWFRQAPGAEREFVAVISSTGTSTYYADSVKGRFTISRDNAKVTVYLQMNNLKREDTAVYFCAVNSQRTRLFDPNEYDYWGQGTQVTVSS,81.0,https://doi.org/10.1038/s41598-018-20599-4,Camel,QVKLEESGGGLVQAGGSLRLSC,AASERTFSRYPVA,WFRQAPGAEREFV,AVISSTGTST,YYADSVKGRFTISRDNAKVTVYLQMNNLKREDTAVYFC,AVNSQRTRLFDPNEYDY,WGQGTQVTVSS,Clostridium difficile toxin A (TcdA),A26.8,Q106F
A26.8:T56R_Q101K_T103R,QVKLEESGGGLVQAGGSLRLSCAASERTFSRYPVAWFRQAPGAEREFVAVISSTGRSTYYADSVKGRFTISRDNAKVTVYLQMNNLKREDTAVYFCAVNSKRRRLQDPNEYDYWGQGTQVTVSS,81.6,https://doi.org/10.1038/s41598-018-20599-4,Camel,QVKLEESGGGLVQAGGSLRLSC,AASERTFSRYPVA,WFRQAPGAEREFV,AVISSTGRST,YYADSVKGRFTISRDNAKVTVYLQMNNLKREDTAVYFC,AVNSKRRRLQDPNEYDY,WGQGTQVTVSS,Clostridium difficile toxin A (TcdA),A26.8,T56R_Q101K_T103R
A26.8:T56R_T103R,QVKLEESGGGLVQAGGSLRLSCAASERTFSRYPVAWFRQAPGAEREFVAVISSTGRSTYYADSVKGRFTISRDNAKVTVYLQMNNLKREDTAVYFCAVNSQRRRLQDPNEYDYWGQGTQVTVSS,78.5,https://doi.org/10.1038/s41598-018-20599-4,Camel,QVKLEESGGGLVQAGGSLRLSC,AASERTFSRYPVA,WFRQAPGAEREFV,AVISSTGRST,YYADSVKGRFTISRDNAKVTVYLQMNNLKREDTAVYFC,AVNSQRRRLQDPNEYDY,WGQGTQVTVSS,Clostridium difficile toxin A (TcdA),A26.8,T56R_T103R
A26.8:T56R_Q101K_T103M,QVKLEESGGGLVQAGGSLRLSCAASERTFSRYPVAWFRQAPGAEREFVAVISSTGRSTYYADSVKGRFTISRDNAKVTVYLQMNNLKREDTAVYFCAVNSKRMRLQDPNEYDYWGQGTQVTVSS,80.9,https://doi.org/10.1038/s41598-018-20599-4,Camel,QVKLEESGGGLVQAGGSLRLSC,AASERTFSRYPVA,WFRQAPGAEREFV,AVISSTGRST,YYADSVKGRFTISRDNAKVTVYLQMNNLKREDTAVYFC,AVNSKRMRLQDPNEYDY,WGQGTQVTVSS,Clostridium difficile toxin A (TcdA),A26.8,T56R_Q101K_T103M
A26.8:T56R_Q101K_T103K,QVKLEESGGGLVQAGGSLRLSCAASERTFSRYPVAWFRQAPGAEREFVAVISSTGRSTYYADSVKGRFTISRDNAKVTVYLQMNNLKREDTAVYFCAVNSKRKRLQDPNEYDYWGQGTQVTVSS,81.3,https://doi.org/10.1038/s41598-018-20599-4,Camel,QVKLEESGGGLVQAGGSLRLSC,AASERTFSRYPVA,WFRQAPGAEREFV,AVISSTGRST,YYADSVKGRFTISRDNAKVTVYLQMNNLKREDTAVYFC,AVNSKRKRLQDPNEYDY,WGQGTQVTVSS,Clostridium difficile toxin A (TcdA),A26.8,T56R_Q101K_T103K
A26.8:T56R_T103K,QVKLEESGGGLVQAGGSLRLSCAASERTFSRYPVAWFRQAPGAEREFVAVISSTGRSTYYADSVKGRFTISRDNAKVTVYLQMNNLKREDTAVYFCAVNSQRKRLQDPNEYDYWGQGTQVTVSS,78.5,https://doi.org/10.1038/s41598-018-20599-4,Camel,QVKLEESGGGLVQAGGSLRLSC,AASERTFSRYPVA,WFRQAPGAEREFV,AVISSTGRST,YYADSVKGRFTISRDNAKVTVYLQMNNLKREDTAVYFC,AVNSQRKRLQDPNEYDY,WGQGTQVTVSS,Clostridium difficile toxin A (TcdA),A26.8,T56R_T103K
A26.8:T56R_Q101K,QVKLEESGGGLVQAGGSLRLSCAASERTFSRYPVAWFRQAPGAEREFVAVISSTGRSTYYADSVKGRFTISRDNAKVTVYLQMNNLKREDTAVYFCAVNSKRTRLQDPNEYDYWGQGTQVTVSS,81.4,https://doi.org/10.1038/s41598-018-20599-4,Camel,QVKLEESGGGLVQAGGSLRLSC,AASERTFSRYPVA,WFRQAPGAEREFV,AVISSTGRST,YYADSVKGRFTISRDNAKVTVYLQMNNLKREDTAVYFC,AVNSKRTRLQDPNEYDY,WGQGTQVTVSS,Clostridium difficile toxin A (TcdA),A26.8,T56R_Q101K
A26.8:Q101K_T103R,QVKLEESGGGLVQAGGSLRLSCAASERTFSRYPVAWFRQAPGAEREFVAVISSTGTSTYYADSVKGRFTISRDNAKVTVYLQMNNLKREDTAVYFCAVNSKRRRLQDPNEYDYWGQGTQVTVSS,81.9,https://doi.org/10.1038/s41598-018-20599-4,Camel,QVKLEESGGGLVQAGGSLRLSC,AASERTFSRYPVA,WFRQAPGAEREFV,AVISSTGTST,YYADSVKGRFTISRDNAKVTVYLQMNNLKREDTAVYFC,AVNSKRRRLQDPNEYDY,WGQGTQVTVSS,Clostridium difficile toxin A (TcdA),A26.8,Q101K_T103R
A26.8:T56R_T103M,QVKLEESGGGLVQAGGSLRLSCAASERTFSRYPVAWFRQAPGAEREFVAVISSTGRSTYYADSVKGRFTISRDNAKVTVYLQMNNLKREDTAVYFCAVNSQRMRLQDPNEYDYWGQGTQVTVSS,77.0,https://doi.org/10.1038/s41598-018-20599-4,Camel,QVKLEESGGGLVQAGGSLRLSC,AASERTFSRYPVA,WFRQAPGAEREFV,AVISSTGRST,YYADSVKGRFTISRDNAKVTVYLQMNNLKREDTAVYFC,AVNSQRMRLQDPNEYDY,WGQGTQVTVSS,Clostridium difficile toxin A (TcdA),A26.8,T56R_T103M
A26.8:Q101K_T103M,QVKLEESGGGLVQAGGSLRLSCAASERTFSRYPVAWFRQAPGAEREFVAVISSTGTSTYYADSVKGRFTISRDNAKVTVYLQMNNLKREDTAVYFCAVNSKRMRLQDPNEYDYWGQGTQVTVSS,81.3,https://doi.org/10.1038/s41598-018-20599-4,Camel,QVKLEESGGGLVQAGGSLRLSC,AASERTFSRYPVA,WFRQAPGAEREFV,AVISSTGTST,YYADSVKGRFTISRDNAKVTVYLQMNNLKREDTAVYFC,AVNSKRMRLQDPNEYDY,WGQGTQVTVSS,Clostridium difficile toxin A (TcdA),A26.8,Q101K_T103M
A26.8:Q101K_T103K,QVKLEESGGGLVQAGGSLRLSCAASERTFSRYPVAWFRQAPGAEREFVAVISSTGTSTYYADSVKGRFTISRDNAKVTVYLQMNNLKREDTAVYFCAVNSKRKRLQDPNEYDYWGQGTQVTVSS,81.5,https://doi.org/10.1038/s41598-018-20599-4,Camel,QVKLEESGGGLVQAGGSLRLSC,AASERTFSRYPVA,WFRQAPGAEREFV,AVISSTGTST,YYADSVKGRFTISRDNAKVTVYLQMNNLKREDTAVYFC,AVNSKRKRLQDPNEYDY,WGQGTQVTVSS,Clostridium difficile toxin A (TcdA),A26.8,Q101K_T103K
ICab3:V115C,EVQLGESGGGSVQAGGSLRLSCAASGYMYSTYSTYCMGWFRQAPGKEREGVAFIKRGDHSTYYTDSVKGRFTISQDSAKNTVSLQMNNLKPEDTAIYYCAADFAHSFLLSCHSGAGQYSYWGQGTQVTVSS,70.5,https://doi.org/10.1074/jbc.RA119.010902,Camel,EVQLGESGGGSVQAGGSLRLSC,AASGYMYSTYSTYCMG,WFRQAPGKEREGV,AFIKRGDHST,YYTDSVKGRFTISQDSAKNTVSLQMNNLKPEDTAIYYC,AADFAHSFLLSCHSGAGQYSY,WGQGTQVTVSS,NorC,ICab3,V115C
ICab3:H116C,EVQLGESGGGSVQAGGSLRLSCAASGYMYSTYSTYCMGWFRQAPGKEREGVAFIKRGDHSTYYTDSVKGRFTISQDSAKNTVSLQMNNLKPEDTAIYYCAADFAHSFLLSVCSGAGQYSYWGQGTQVTVSS,63.9,https://doi.org/10.1074/jbc.RA119.010902,Camel,EVQLGESGGGSVQAGGSLRLSC,AASGYMYSTYSTYCMG,WFRQAPGKEREGV,AFIKRGDHST,YYTDSVKGRFTISQDSAKNTVSLQMNNLKPEDTAIYYC,AADFAHSFLLSVCSGAGQYSY,WGQGTQVTVSS,NorC,ICab3,H116C
R11-H3,EVQLVESGGGLVQPGGSLRLSCAASGFLLRSNTMGWYRQAPGKERELVSFIRPSGLTNYNDAVQGRFTISRDNSKNTLYLQMNSLRAEDTAVYYCHTRPPFQRDSWGQGTLVTVSS,61.6,https://doi.org/10.1096/fj.201903231R,Llama,EVQLVESGGGLVQPGGSLRLSC,AASGFLLRSNTMG,WYRQAPGKERELV,SFIRPSGLT,NYNDAVQGRFTISRDNSKNTLYLQMNSLRAEDTAVYYC,HTRPPFQRDS,WGQGTLVTVSS,HSA,R11,H3
R11-H4,EVQLVESGGGLVQPGGSLRLSCAASGFLLRSNTMGWYRQAPGKERELVAFIRPSGLTNYNDAVQGRFTISRDNSKNTLYLQMNSLRAEDTAVYYCHTRPPFQRDSWGQGTLVTVSS,68.6,https://doi.org/10.1096/fj.201903231R,Llama,EVQLVESGGGLVQPGGSLRLSC,AASGFLLRSNTMG,WYRQAPGKERELV,AFIRPSGLT,NYNDAVQGRFTISRDNSKNTLYLQMNSLRAEDTAVYYC,HTRPPFQRDS,WGQGTLVTVSS,HSA,R11,H4
R11-H5,EVQLVESGGGLVQPGGSLRLSCAGPGFLLRSNTMGWYRQAPGKERELVAFIRPSGLTNYNDAVQGRFTISRDNSKNTLYLQMNSLRAEDTAVYYCHTRPPFQRDSWGQGTLVTVSS,65.2,https://doi.org/10.1096/fj.201903231R,Llama,EVQLVESGGGLVQPGGSLRLSC,AGPGFLLRSNTMG,WYRQAPGKERELV,AFIRPSGLT,NYNDAVQGRFTISRDNSKNTLYLQMNSLRAEDTAVYYC,HTRPPFQRDS,WGQGTLVTVSS,HSA,R11,H5
R11-H6,EVQLVESGGGLVQPGGSLRLSCAGPGFLLRSNTMGWYRQAPGKERELVAFIRPSGLTNYNDAVQGRFTISRDNAKNTVYLQMNSLRAEDTAVYYCHTRPPFQRDSWGQGTLVTVSS,67.5,https://doi.org/10.1096/fj.201903231R,Llama,EVQLVESGGGLVQPGGSLRLSC,AGPGFLLRSNTMG,WYRQAPGKERELV,AFIRPSGLT,NYNDAVQGRFTISRDNAKNTVYLQMNSLRAEDTAVYYC,HTRPPFQRDS,WGQGTLVTVSS,HSA,R11,H6
R28-H1,EVQLVESGGGLVQPGGSLRLSCAASGRTFIAYAMGWFRQAPGKGLEFVSAITNFAGGTTYYADSVKGRFTISRDNSKNTLYLQMNSLRAEDTAVYYCAADRSAQTMRQVRPVLPYWGQGTLVTVSS,66.1,https://doi.org/10.1096/fj.201903231R,Llama,EVQLVESGGGLVQPGGSLRLSC,AASGRTFIAYAMG,WFRQAPGKGLEFV,SAITNFAGGTT,YYADSVKGRFTISRDNSKNTLYLQMNSLRAEDTAVYYC,AADRSAQTMRQVRPVLPY,WGQGTLVTVSS,HSA,R28,H1
R28-H2,EVQLVESGGGLVQPGGSLRLSCAASGRTFIAYAMGWFRQAPGKEREFVSAITNFAGGTTYYADSVKGRFTISRDNSKNTLYLQMNSLRAEDTAVYYCAADRSAQTMRQVRPVLPYWGQGTLVTVSS,66.5,https://doi.org/10.1096/fj.201903231R,Llama,EVQLVESGGGLVQPGGSLRLSC,AASGRTFIAYAMG,WFRQAPGKEREFV,SAITNFAGGTT,YYADSVKGRFTISRDNSKNTLYLQMNSLRAEDTAVYYC,AADRSAQTMRQVRPVLPY,WGQGTLVTVSS,HSA,R28,H2
R28-H3,QVQLVESGGGLVQPGGSLRLSCAASGRIFIAYAMGWFRQAPGKEREFVAAITNFAGGTTYYADSVKGRFTISRDNSKNTLYLQMNSLRAEDTAVYYCAADRSAQTMRQVRPVLPYWGQGTLVTVSS,70.9,https://doi.org/10.1096/fj.201903231R,Llama,QVQLVESGGGLVQPGGSLRLSC,AASGRIFIAYAMG,WFRQAPGKEREFV,AAITNFAGGTT,YYADSVKGRFTISRDNSKNTLYLQMNSLRAEDTAVYYC,AADRSAQTMRQVRPVLPY,WGQGTLVTVSS,HSA,R28,H3
R28-H4,QVQLVESGGGLVQPGGSLRLSCAASGRTFIAYAMGWFRQAPGKEREFVAAITNFAGGTTYYADSVKGRFTISRDNAKTTLYLQMNSLRAEDTAVYYCAADRSAQTMRQVRPVLPYWGQGTLVTVSS,66.8,https://doi.org/10.1096/fj.201903231R,Llama,QVQLVESGGGLVQPGGSLRLSC,AASGRTFIAYAMG,WFRQAPGKEREFV,AAITNFAGGTT,YYADSVKGRFTISRDNAKTTLYLQMNSLRAEDTAVYYC,AADRSAQTMRQVRPVLPY,WGQGTLVTVSS,HSA,R28,H4
R28-H5,QVQLVESGGGLVQPGGSLRLSCAASGRTFIAYAMGWFRQAPGKEREFVAAITNFAGGTTYYADSVKGRFTISRDNAKTTVYLQMNSLRAEDTAVYYCAADRSAQTMRQVRPVLPYWGQGTLVTVSS,68.1,https://doi.org/10.1096/fj.201903231R,Llama,QVQLVESGGGLVQPGGSLRLSC,AASGRTFIAYAMG,WFRQAPGKEREFV,AAITNFAGGTT,YYADSVKGRFTISRDNAKTTVYLQMNSLRAEDTAVYYC,AADRSAQTMRQVRPVLPY,WGQGTLVTVSS,HSA,R28,H5
M75-H1,EVQLVESGGGLVQPGGSLRLSCAASGRTFDNYVMAWFRQAPGKGLEFVSSISGSGSITNYANSVKDRFTISRDNSKNTLYLQMNSLRAEDTAVYYCAAGSRRTYYREPKFYPSWGQGTLVTVSS,78.0,https://doi.org/10.1096/fj.201903231R,Llama,EVQLVESGGGLVQPGGSLRLSC,AASGRTFDNYVMA,WFRQAPGKGLEFV,SSISGSGSIT,NYANSVKDRFTISRDNSKNTLYLQMNSLRAEDTAVYYC,AAGSRRTYYREPKFYPS,WGQGTLVTVSS,HSA,M75,H1
M75-H2,EVQLVESGGGLVQPGGSLRLSCAASGRTFDNYVMAWFRQAPGKEREFVSSISGSGSITNYANSVKDRFTISRDNSKNTLYLQMNSLRAEDTAVYYCAAGSRRTYYREPKFYPSWGQGTLVTVSS,73.2,https://doi.org/10.1096/fj.201903231R,Llama,EVQLVESGGGLVQPGGSLRLSC,AASGRTFDNYVMA,WFRQAPGKEREFV,SSISGSGSIT,NYANSVKDRFTISRDNSKNTLYLQMNSLRAEDTAVYYC,AAGSRRTYYREPKFYPS,WGQGTLVTVSS,HSA,M75,H2
M75-H3,QVQLVESGGGLVQPGGSLRLSCAASGRTFDNYVMAWFRQAPGKEREFVASISGSGSITNYANSVKDRFTISRDNSKNTLYLQMNSLRAEDTAVYYCAAGSRRTYYREPKFYPSWGQGILVTVSS,78.6,https://doi.org/10.1096/fj.201903231R,Llama,QVQLVESGGGLVQPGGSLRLSC,AASGRTFDNYVMA,WFRQAPGKEREFV,ASISGSGSIT,NYANSVKDRFTISRDNSKNTLYLQMNSLRAEDTAVYYC,AAGSRRTYYREPKFYPS,WGQGILVTVSS,HSA,M75,H3
M75-H4,QVQLVESGGGLVQPGGSLRLSCAASGRTFDNYVMAWFRQAPGKEREFVASISGSGSITNYANSVKDRFTISRDSSKNALYLQMNSLRAEDTAVYYCAAGSRRTYYREPKFYPSWGQGTLVTVSS,76.0,https://doi.org/10.1096/fj.201903231R,Llama,QVQLVESGGGLVQPGGSLRLSC,AASGRTFDNYVMA,WFRQAPGKEREFV,ASISGSGSIT,NYANSVKDRFTISRDSSKNALYLQMNSLRAEDTAVYYC,AAGSRRTYYREPKFYPS,WGQGTLVTVSS,HSA,M75,H4
M75-H5,QVQLVESGGGLVQPGGSLRLSCAASGRTFDNYVMAWFRQAPGKEREFVASISGSGSITNYANSVKDRFTISRDSAKNAIYLQMNSLRAEDTAVYYCAAGSRRTYYREPKFYPSWGQGTLVTVSS,80.9,https://doi.org/10.1096/fj.201903231R,Llama,QVQLVESGGGLVQPGGSLRLSC,AASGRTFDNYVMA,WFRQAPGKEREFV,ASISGSGSIT,NYANSVKDRFTISRDSAKNAIYLQMNSLRAEDTAVYYC,AAGSRRTYYREPKFYPS,WGQGTLVTVSS,HSA,M75,H5
M79-H2,EVQLVESGGGLVQPGGSLRLSCAASGSTFSSSSVGWYRQAPGKGLELVSAITSGGSTNTADSVKGRFTISRDNSKNTLYLQMNSLRAEDTAVYYCNVAGRNWVPISRYSPGPYWGQGTLVTVSS,63.3,https://doi.org/10.1096/fj.201903231R,Llama,EVQLVESGGGLVQPGGSLRLSC,AASGSTFSSSSVG,WYRQAPGKGLELV,SAITSGGST,NTADSVKGRFTISRDNSKNTLYLQMNSLRAEDTAVYYC,NVAGRNWVPISRYSPGPY,WGQGTLVTVSS,HSA,M79,H2
M79-H3,EVQLVESGGGLVQPGGSLRLSCAASGSTFSSSSVGWYRQAPGKQRELVSAITSGGSTNTADSVKGRFTISRDNSKNTLYLQMNSLRAEDTAVYYCNVAGRNWVPISRYSPGPYWGQGTLVTVSS,60.9,https://doi.org/10.1096/fj.201903231R,Llama,EVQLVESGGGLVQPGGSLRLSC,AASGSTFSSSSVG,WYRQAPGKQRELV,SAITSGGST,NTADSVKGRFTISRDNSKNTLYLQMNSLRAEDTAVYYC,NVAGRNWVPISRYSPGPY,WGQGTLVTVSS,HSA,M79,H3
M79-H4,QVQLVESGGGLVQPGGSLRLSCAASGSTFSSSSVGWYRQAPGQQRELVAAITSGGSTNTADSVKGRFTISRDNSKNTLYLQMNSLRAEDTAVYYCNVAGRNWVPISRYSPGPYWGQGTLVTVSS,64.7,https://doi.org/10.1096/fj.201903231R,Llama,QVQLVESGGGLVQPGGSLRLSC,AASGSTFSSSSVG,WYRQAPGQQRELV,AAITSGGST,NTADSVKGRFTISRDNSKNTLYLQMNSLRAEDTAVYYC,NVAGRNWVPISRYSPGPY,WGQGTLVTVSS,HSA,M79,H4
M79-H5,QVQLVESGGGLVQPGGSLRLSCAASGSTFSSSSVGWYRQAPGQQRELVAAITSGGSTNTADSVKGRFTISRDNAKNTVYLQMNSLRAEDTAVYYCNVAGRNWVPISRYSPGPYWGQGTLVTVSS,70.4,https://doi.org/10.1096/fj.201903231R,Llama,QVQLVESGGGLVQPGGSLRLSC,AASGSTFSSSSVG,WYRQAPGQQRELV,AAITSGGST,NTADSVKGRFTISRDNAKNTVYLQMNSLRAEDTAVYYC,NVAGRNWVPISRYSPGPY,WGQGTLVTVSS,HSA,M79,H5
CC3-m1,EVQLVESGGGSVQAGDSLRLSCVTSQNLFEYYTMGWYRQVPGSQRELVALINNGGSTVAGSVEGRFTISRDHAKNSVYLQMNYLQPEDSAVYYCRAFGPADYWGQGTQVTVSS,75.0,https://doi.org/10.3389/fmed.2021.626028,Llama,EVQLVESGGGSVQAGDSLRLSC,VTSQNLFEYYTMG,WYRQVPGSQRELV,ALINNGGS,TVAGSVEGRFTISRDHAKNSVYLQMNYLQPEDSAVYYC,RAFGPADY,WGQGTQVTVSS,,CC3,m1
CC3-m2,EVQLVESGGGSVQAGDSLRLSCVTSQNLFEYYTMGWYRQVPGSQRERVALINNGGSTVAGSVEGRFTISRDHAKNSVYLQMNYLQPEDSAVYYCRAFGPADYWGQGTQVTVSS,67.0,https://doi.org/10.3389/fmed.2021.626028,Llama,EVQLVESGGGSVQAGDSLRLSC,VTSQNLFEYYTMG,WYRQVPGSQRERV,ALINNGGS,TVAGSVEGRFTISRDHAKNSVYLQMNYLQPEDSAVYYC,RAFGPADY,WGQGTQVTVSS,,CC3,m2
CC3-m3,EVQLVESGGGSVQAGGSLRLSCVTSQNLFEYYTMGWYRQVPGSQRERVALINNGGSTVAGSVEGRFTISRDHAKNSVYLQMNYLQPEDSAVYYCRAFGPADYWGQGTQVTVSS,71.0,https://doi.org/10.3389/fmed.2021.626028,Llama,EVQLVESGGGSVQAGGSLRLSC,VTSQNLFEYYTMG,WYRQVPGSQRERV,ALINNGGS,TVAGSVEGRFTISRDHAKNSVYLQMNYLQPEDSAVYYC,RAFGPADY,WGQGTQVTVSS,,CC3,m3
CC3-m4,EVQLVESGGGSVQAGGSLRLSCVTSQNLFEYYTMGWYRQVPGSQRERVALINNGGSTVAGSVEGRFTISRDHAKNSVYLQMNYLKPEDSAVYYCRAFGPADYWGQGTQVTVSS,70.0,https://doi.org/10.3389/fmed.2021.626028,Llama,EVQLVESGGGSVQAGGSLRLSC,VTSQNLFEYYTMG,WYRQVPGSQRERV,ALINNGGS,TVAGSVEGRFTISRDHAKNSVYLQMNYLKPEDSAVYYC,RAFGPADY,WGQGTQVTVSS,,CC3,m4
CC3-m5,EVKLQASGGGSVQAGGSLRLSCVTSQNLFEYYTMGWYRQVPGSQRERVALINNGGSTVAGSVEGRFTISRDHAKNSVYLQMNYLKPEDSAVYYCRAFGPADYWGQGTQVTVSS,59.0,https://doi.org/10.3389/fmed.2021.626028,Llama,EVKLQASGGGSVQAGGSLRLSC,VTSQNLFEYYTMG,WYRQVPGSQRERV,ALINNGGS,TVAGSVEGRFTISRDHAKNSVYLQMNYLKPEDSAVYYC,RAFGPADY,WGQGTQVTVSS,,CC3,m5
CC3-m6,QVKLQASGGGSVQAGGSLRLSCVTSQNLFEYYTMGWYRQVPGSQRERVALINNGGSTVAGSVEGRFTISRDHAKNSVYLQMNYLKPEDSAVYYCRAFGPADYWGQGTQVTVSS,57.0,https://doi.org/10.3389/fmed.2021.626028,Llama,QVKLQASGGGSVQAGGSLRLSC,VTSQNLFEYYTMG,WYRQVPGSQRERV,ALINNGGS,TVAGSVEGRFTISRDHAKNSVYLQMNYLKPEDSAVYYC,RAFGPADY,WGQGTQVTVSS,,CC3,m6
CC3-m7,QVKLQASGGGSVQAGGSLRLSCVTSQNLFEYYTMGWYRQVPGSQRERVALINNGGSTVAGSVVGRFTISRDHAKNSVYLQMNYLKPEDSAVYYCRAFGPADYWGQGTQVTVSS,56.0,https://doi.org/10.3389/fmed.2021.626028,Llama,QVKLQASGGGSVQAGGSLRLSC,VTSQNLFEYYTMG,WYRQVPGSQRERV,ALINNGGS,TVAGSVVGRFTISRDHAKNSVYLQMNYLKPEDSAVYYC,RAFGPADY,WGQGTQVTVSS,,CC3,m7
CC3-m8,QVKLQASGGGSVQAGGSLRLSCVTSQNLFEYYTMGWYRQVPGSQRERVALINNGGSTVAGSVKGRFTISRDHAKNSVYLQMNYLKPEDSAVYYCRAFGPADYWGQGTQVTVSS,58.0,https://doi.org/10.3389/fmed.2021.626028,Llama,QVKLQASGGGSVQAGGSLRLSC,VTSQNLFEYYTMG,WYRQVPGSQRERV,ALINNGGS,TVAGSVKGRFTISRDHAKNSVYLQMNYLKPEDSAVYYC,RAFGPADY,WGQGTQVTVSS,,CC3,m8
Cc3-m9,QVKLQASGGGSVQAGGSLRLSCVTSQNLFEYYTMGWYRQVPGSQRERVALINNGGSTVAGSVKGRFTISRDHAKNSVYLQMNYLKREDSAVYYCRAFGPADYWGQGTQVTVSS,53.0,https://doi.org/10.3389/fmed.2021.626028,Llama,QVKLQASGGGSVQAGGSLRLSC,VTSQNLFEYYTMG,WYRQVPGSQRERV,ALINNGGS,TVAGSVKGRFTISRDHAKNSVYLQMNYLKREDSAVYYC,RAFGPADY,WGQGTQVTVSS,,Cc3,m9
Cc3-m10,QVKLQASGGGSVQAGGSLRLSCVTSQNLFEYYTMGWYRQVPGSQRERVALINNGGSTVAGSVKGRFTISRDHAKNSVYLQMNYLKRADSAVYYCRAFGPADYWGQGTQVTVSS,43.0,https://doi.org/10.3389/fmed.2021.626028,Llama,QVKLQASGGGSVQAGGSLRLSC,VTSQNLFEYYTMG,WYRQVPGSQRERV,ALINNGGS,TVAGSVKGRFTISRDHAKNSVYLQMNYLKRADSAVYYC,RAFGPADY,WGQGTQVTVSS,,Cc3,m10
CC3-hop,EVQLQASGGGSVQAGGSLRLSCVTSQNLFEYYTMGWYRQVPGSQRERVALINNGGSTVAGSVEGRFTISRDHAKNSVYLQMNYLKPEDSAVYYCRAFGPADYWGQGTQVTVSS,62.0,https://doi.org/10.3389/fmed.2021.626028,Llama,EVQLQASGGGSVQAGGSLRLSC,VTSQNLFEYYTMG,WYRQVPGSQRERV,ALINNGGS,TVAGSVEGRFTISRDHAKNSVYLQMNYLKPEDSAVYYC,RAFGPADY,WGQGTQVTVSS,,CC3,hop
sdAb A3:S25I,EVQLVESGGGLVQAGDSLRLSCTAIGRTFSRAVMGWFRQAPGKEREFVAAISAAPGTAYYAFYADSVRGRFSISADSAKNTVYLQMNSLKPEDTAVYYCAADLKMQVAAYMNQRSVDYWGQGTQVTVSS,85.0,https://doi.org/10.1021/acsomega.9b00730,Llama,EVQLVESGGGLVQAGDSLRLSC,TAIGRTFSRAVMG,WFRQAPGKEREFV,AAISAAPGTAYYA,FYADSVRGRFSISADSAKNTVYLQMNSLKPEDTAVYYC,AADLKMQVAAYMNQRSVDY,WGQGTQVTVSS,Staphyloccocus aureus enterotoxin B (SEB),sdAb A3,S25I
sdAb A3:F29A,EVQLVESGGGLVQAGDSLRLSCTASGRTASRAVMGWFRQAPGKEREFVAAISAAPGTAYYAFYADSVRGRFSISADSAKNTVYLQMNSLKPEDTAVYYCAADLKMQVAAYMNQRSVDYWGQGTQVTVSS,84.0,https://doi.org/10.1021/acsomega.9b00730,Llama,EVQLVESGGGLVQAGDSLRLSC,TASGRTASRAVMG,WFRQAPGKEREFV,AAISAAPGTAYYA,FYADSVRGRFSISADSAKNTVYLQMNSLKPEDTAVYYC,AADLKMQVAAYMNQRSVDY,WGQGTQVTVSS,Staphyloccocus aureus enterotoxin B (SEB),sdAb A3,F29A
sdAb A3:F29L,EVQLVESGGGLVQAGDSLRLSCTASGRTLSRAVMGWFRQAPGKEREFVAAISAAPGTAYYAFYADSVRGRFSISADSAKNTVYLQMNSLKPEDTAVYYCAADLKMQVAAYMNQRSVDYWGQGTQVTVSS,85.0,https://doi.org/10.1021/acsomega.9b00730,Llama,EVQLVESGGGLVQAGDSLRLSC,TASGRTLSRAVMG,WFRQAPGKEREFV,AAISAAPGTAYYA,FYADSVRGRFSISADSAKNTVYLQMNSLKPEDTAVYYC,AADLKMQVAAYMNQRSVDY,WGQGTQVTVSS,Staphyloccocus aureus enterotoxin B (SEB),sdAb A3,F29L
sdAb A3:P55S,EVQLVESGGGLVQAGDSLRLSCTASGRTFSRAVMGWFRQAPGKEREFVAAISAASGTAYYAFYADSVRGRFSISADSAKNTVYLQMNSLKPEDTAVYYCAADLKMQVAAYMNQRSVDYWGQGTQVTVSS,83.0,https://doi.org/10.1021/acsomega.9b00730,Llama,EVQLVESGGGLVQAGDSLRLSC,TASGRTFSRAVMG,WFRQAPGKEREFV,AAISAASGTAYYA,FYADSVRGRFSISADSAKNTVYLQMNSLKPEDTAVYYC,AADLKMQVAAYMNQRSVDY,WGQGTQVTVSS,Staphyloccocus aureus enterotoxin B (SEB),sdAb A3,P55S
sdAb A3:Y59A,EVQLVESGGGLVQAGDSLRLSCTASGRTFSRAVMGWFRQAPGKEREFVAAISAAPGTAAYAFYADSVRGRFSISADSAKNTVYLQMNSLKPEDTAVYYCAADLKMQVAAYMNQRSVDYWGQGTQVTVSS,82.0,https://doi.org/10.1021/acsomega.9b00730,Llama,EVQLVESGGGLVQAGDSLRLSC,TASGRTFSRAVMG,WFRQAPGKEREFV,AAISAAPGTAAYA,FYADSVRGRFSISADSAKNTVYLQMNSLKPEDTAVYYC,AADLKMQVAAYMNQRSVDY,WGQGTQVTVSS,Staphyloccocus aureus enterotoxin B (SEB),sdAb A3,Y59A
sdAb A3:Y59P,EVQLVESGGGLVQAGDSLRLSCTASGRTFSRAVMGWFRQAPGKEREFVAAISAAPGTAPYAFYADSVRGRFSISADSAKNTVYLQMNSLKPEDTAVYYCAADLKMQVAAYMNQRSVDYWGQGTQVTVSS,84.0,https://doi.org/10.1021/acsomega.9b00730,Llama,EVQLVESGGGLVQAGDSLRLSC,TASGRTFSRAVMG,WFRQAPGKEREFV,AAISAAPGTAPYA,FYADSVRGRFSISADSAKNTVYLQMNSLKPEDTAVYYC,AADLKMQVAAYMNQRSVDY,WGQGTQVTVSS,Staphyloccocus aureus enterotoxin B (SEB),sdAb A3,Y59P
sdAb A3:R70A,EVQLVESGGGLVQAGDSLRLSCTASGRTFSRAVMGWFRQAPGKEREFVAAISAAPGTAYYAFYADSVRGAFSISADSAKNTVYLQMNSLKPEDTAVYYCAADLKMQVAAYMNQRSVDYWGQGTQVTVSS,74.0,https://doi.org/10.1021/acsomega.9b00730,Llama,EVQLVESGGGLVQAGDSLRLSC,TASGRTFSRAVMG,WFRQAPGKEREFV,AAISAAPGTAYYA,FYADSVRGAFSISADSAKNTVYLQMNSLKPEDTAVYYC,AADLKMQVAAYMNQRSVDY,WGQGTQVTVSS,Staphyloccocus aureus enterotoxin B (SEB),sdAb A3,R70A
sdAb A3:S74A,EVQLVESGGGLVQAGDSLRLSCTASGRTFSRAVMGWFRQAPGKEREFVAAISAAPGTAYYAFYADSVRGRFSIAADSAKNTVYLQMNSLKPEDTAVYYCAADLKMQVAAYMNQRSVDYWGQGTQVTVSS,83.0,https://doi.org/10.1021/acsomega.9b00730,Llama,EVQLVESGGGLVQAGDSLRLSC,TASGRTFSRAVMG,WFRQAPGKEREFV,AAISAAPGTAYYA,FYADSVRGRFSIAADSAKNTVYLQMNSLKPEDTAVYYC,AADLKMQVAAYMNQRSVDY,WGQGTQVTVSS,Staphyloccocus aureus enterotoxin B (SEB),sdAb A3,S74A
sdAb A3:A75R,EVQLVESGGGLVQAGDSLRLSCTASGRTFSRAVMGWFRQAPGKEREFVAAISAAPGTAYYAFYADSVRGRFSISRDSAKNTVYLQMNSLKPEDTAVYYCAADLKMQVAAYMNQRSVDYWGQGTQVTVSS,84.0,https://doi.org/10.1021/acsomega.9b00730,Llama,EVQLVESGGGLVQAGDSLRLSC,TASGRTFSRAVMG,WFRQAPGKEREFV,AAISAAPGTAYYA,FYADSVRGRFSISRDSAKNTVYLQMNSLKPEDTAVYYC,AADLKMQVAAYMNQRSVDY,WGQGTQVTVSS,Staphyloccocus aureus enterotoxin B (SEB),sdAb A3,A75R
sdAb A3:Y98A,EVQLVESGGGLVQAGDSLRLSCTASGRTFSRAVMGWFRQAPGKEREFVAAISAAPGTAYYAFYADSVRGRFSISADSAKNTVYLQMNSLKPEDTAVYACAADLKMQVAAYMNQRSVDYWGQGTQVTVSS,75.0,https://doi.org/10.1021/acsomega.9b00730,Llama,EVQLVESGGGLVQAGDSLRLSC,TASGRTFSRAVMG,WFRQAPGKEREFV,AAISAAPGTAYYA,FYADSVRGRFSISADSAKNTVYLQMNSLKPEDTAVYAC,AADLKMQVAAYMNQRSVDY,WGQGTQVTVSS,Staphyloccocus aureus enterotoxin B (SEB),sdAb A3,Y98A
sdAb A3:D102A,EVQLVESGGGLVQAGDSLRLSCTASGRTFSRAVMGWFRQAPGKEREFVAAISAAPGTAYYAFYADSVRGRFSISADSAKNTVYLQMNSLKPEDTAVYYCAAALKMQVAAYMNQRSVDYWGQGTQVTVSS,84.0,https://doi.org/10.1021/acsomega.9b00730,Llama,EVQLVESGGGLVQAGDSLRLSC,TASGRTFSRAVMG,WFRQAPGKEREFV,AAISAAPGTAYYA,FYADSVRGRFSISADSAKNTVYLQMNSLKPEDTAVYYC,AAALKMQVAAYMNQRSVDY,WGQGTQVTVSS,Staphyloccocus aureus enterotoxin B (SEB),sdAb A3,D102A
sdAb A3:D102R,EVQLVESGGGLVQAGDSLRLSCTASGRTFSRAVMGWFRQAPGKEREFVAAISAAPGTAYYAFYADSVRGRFSISADSAKNTVYLQMNSLKPEDTAVYYCAARLKMQVAAYMNQRSVDYWGQGTQVTVSS,73.0,https://doi.org/10.1021/acsomega.9b00730,Llama,EVQLVESGGGLVQAGDSLRLSC,TASGRTFSRAVMG,WFRQAPGKEREFV,AAISAAPGTAYYA,FYADSVRGRFSISADSAKNTVYLQMNSLKPEDTAVYYC,AARLKMQVAAYMNQRSVDY,WGQGTQVTVSS,Staphyloccocus aureus enterotoxin B (SEB),sdAb A3,D102R
sdAb A3:K104G,EVQLVESGGGLVQAGDSLRLSCTASGRTFSRAVMGWFRQAPGKEREFVAAISAAPGTAYYAFYADSVRGRFSISADSAKNTVYLQMNSLKPEDTAVYYCAADLGMQVAAYMNQRSVDYWGQGTQVTVSS,78.0,https://doi.org/10.1021/acsomega.9b00730,Llama,EVQLVESGGGLVQAGDSLRLSC,TASGRTFSRAVMG,WFRQAPGKEREFV,AAISAAPGTAYYA,FYADSVRGRFSISADSAKNTVYLQMNSLKPEDTAVYYC,AADLGMQVAAYMNQRSVDY,WGQGTQVTVSS,Staphyloccocus aureus enterotoxin B (SEB),sdAb A3,K104G
sdAb A3:M111A,EVQLVESGGGLVQAGDSLRLSCTASGRTFSRAVMGWFRQAPGKEREFVAAISAAPGTAYYAFYADSVRGRFSISADSAKNTVYLQMNSLKPEDTAVYYCAADLKMQVAAYANQRSVDYWGQGTQVTVSS,76.0,https://doi.org/10.1021/acsomega.9b00730,Llama,EVQLVESGGGLVQAGDSLRLSC,TASGRTFSRAVMG,WFRQAPGKEREFV,AAISAAPGTAYYA,FYADSVRGRFSISADSAKNTVYLQMNSLKPEDTAVYYC,AADLKMQVAAYANQRSVDY,WGQGTQVTVSS,Staphyloccocus aureus enterotoxin B (SEB),sdAb A3,M111A
sdAb A3:M111T,EVQLVESGGGLVQAGDSLRLSCTASGRTFSRAVMGWFRQAPGKEREFVAAISAAPGTAYYAFYADSVRGRFSISADSAKNTVYLQMNSLKPEDTAVYYCAADLKMQVAAYTNQRSVDYWGQGTQVTVSS,76.0,https://doi.org/10.1021/acsomega.9b00730,Llama,EVQLVESGGGLVQAGDSLRLSC,TASGRTFSRAVMG,WFRQAPGKEREFV,AAISAAPGTAYYA,FYADSVRGRFSISADSAKNTVYLQMNSLKPEDTAVYYC,AADLKMQVAAYTNQRSVDY,WGQGTQVTVSS,Staphyloccocus aureus enterotoxin B (SEB),sdAb A3,M111T
sdAb A3:M111A_V107I,EVQLVESGGGLVQAGDSLRLSCTASGRTFSRAVMGWFRQAPGKEREFVAAISAAPGTAYYAFYADSVRGRFSISADSAKNTVYLQMNSLKPEDTAVYYCAADLKMQIAAYANQRSVDYWGQGTQVTVSS,76.0,https://doi.org/10.1021/acsomega.9b00730,Llama,EVQLVESGGGLVQAGDSLRLSC,TASGRTFSRAVMG,WFRQAPGKEREFV,AAISAAPGTAYYA,FYADSVRGRFSISADSAKNTVYLQMNSLKPEDTAVYYC,AADLKMQIAAYANQRSVDY,WGQGTQVTVSS,Staphyloccocus aureus enterotoxin B (SEB),sdAb A3,M111A_V107I
sdAb A3:V116A,EVQLVESGGGLVQAGDSLRLSCTASGRTFSRAVMGWFRQAPGKEREFVAAISAAPGTAYYAFYADSVRGRFSISADSAKNTVYLQMNSLKPEDTAVYYCAADLKMQVAAYMNQRAVDYWGQGTQVTVSS,80.0,https://doi.org/10.1021/acsomega.9b00730,Llama,EVQLVESGGGLVQAGDSLRLSC,TASGRTFSRAVMG,WFRQAPGKEREFV,AAISAAPGTAYYA,FYADSVRGRFSISADSAKNTVYLQMNSLKPEDTAVYYC,AADLKMQVAAYMNQRAVDY,WGQGTQVTVSS,Staphyloccocus aureus enterotoxin B (SEB),sdAb A3,V116A
sdAb A3:V116Y,EVQLVESGGGLVQAGDSLRLSCTASGRTFSRAVMGWFRQAPGKEREFVAAISAAPGTAYYAFYADSVRGRFSISADSAKNTVYLQMNSLKPEDTAVYYCAADLKMQVAAYMNQRYVDYWGQGTQVTVSS,79.0,https://doi.org/10.1021/acsomega.9b00730,Llama,EVQLVESGGGLVQAGDSLRLSC,TASGRTFSRAVMG,WFRQAPGKEREFV,AAISAAPGTAYYA,FYADSVRGRFSISADSAKNTVYLQMNSLKPEDTAVYYC,AADLKMQVAAYMNQRYVDY,WGQGTQVTVSS,Staphyloccocus aureus enterotoxin B (SEB),sdAb A3,V116Y
L1-H2,EVQLQASGGGLVQAGGSLRLSCAASGRTLSTGVMGWFRQLPGKEREFVARITWIAGSSLYADSVKGRFTISRDNTNNTVYLQMNALKPEDTAVYYCAANLAGNSWPYKTPMDYDSWGQGTQVTVSS,62.0,https://doi.org/10.1371/journal.pone.0106263,Llama,EVQLQASGGGLVQAGGSLRLSC,AASGRTLSTGVMG,WFRQLPGKEREFV,ARITWIAGSS,LYADSVKGRFTISRDNTNNTVYLQMNALKPEDTAVYYC,AANLAGNSWPYKTPMDYDS,WGQGTQVTVSS,recombinant L1 antigen,L1,H2
L1-E6,EVQLQASGGGLVQAGGSLRLSCIASGRAFSTTNMGWFRQAPGKEREFVTRVNWSGGVTSYADPVKGRFTLSRDNTKNTVYLQMNSLKPEDTAVYYCAGSTVWSTDGAHYNYWGQGTQVTVSS,60.0,https://doi.org/10.1371/journal.pone.0106263,Llama,EVQLQASGGGLVQAGGSLRLSC,IASGRAFSTTNMG,WFRQAPGKEREFV,TRVNWSGGVT,SYADPVKGRFTLSRDNTKNTVYLQMNSLKPEDTAVYYC,AGSTVWSTDGAHYNY,WGQGTQVTVSS,recombinant L1 antigen,L1,E6
L1-H7,EVQLQASGGGLVQAGGSLRLSCIASGRAFSTTNMGWFRQAPGKEREFVTRVNWSGGVTSYADSVKGRFTLSRDNTKNTVYLQMNSLKPEDTAVYYCAGSTVWSTDRAHYNYWGRGTQVTVSS,60.0,https://doi.org/10.1371/journal.pone.0106263,Llama,EVQLQASGGGLVQAGGSLRLSC,IASGRAFSTTNMG,WFRQAPGKEREFV,TRVNWSGGVT,SYADSVKGRFTLSRDNTKNTVYLQMNSLKPEDTAVYYC,AGSTVWSTDRAHYNY,WGRGTQVTVSS,recombinant L1 antigen,L1,H7
L1-C5,EVQLQASGGGLVQAGGSLRLSCIASGRAFSTTNMGWFRQAPGKEREFVTRVNWSGGVTSYADSVKGRFTLSRDYTKNTVYLQMNSLKPEDTAVYYCAGSTVWSTDRAHYNYWGQGTQVTVSS,57.0,https://doi.org/10.1371/journal.pone.0106263,Llama,EVQLQASGGGLVQAGGSLRLSC,IASGRAFSTTNMG,WFRQAPGKEREFV,TRVNWSGGVT,SYADSVKGRFTLSRDYTKNTVYLQMNSLKPEDTAVYYC,AGSTVWSTDRAHYNY,WGQGTQVTVSS,recombinant L1 antigen,L1,C5
L1-G2,EVQLQASGGGLVQAGGSLRLSCTASGRAFSTTNMGWFRQAPGKEREFVTRVNWSGGVTSYADSVKGRFTLSRDNTKNTVYLQMDSLKPEDTAVYYCAGSTVWSTDRKHYNYWGQGTQVTVSS,61.0,https://doi.org/10.1371/journal.pone.0106263,Llama,EVQLQASGGGLVQAGGSLRLSC,TASGRAFSTTNMG,WFRQAPGKEREFV,TRVNWSGGVT,SYADSVKGRFTLSRDNTKNTVYLQMDSLKPEDTAVYYC,AGSTVWSTDRKHYNY,WGQGTQVTVSS,recombinant L1 antigen,L1,G2
L1-G2+,EVQLQASGGGLVQAGGSLRLSCTASGRAFSTTNMGWFRQAPGKEREFVCRVNWSGGVTSYADSVKGRFTCSRDNTKNTVYLQMDSLKPEDTAVYYCAGSTVWSTDRKHYNYWGQGTQVTVSS,80.0,https://doi.org/10.1371/journal.pone.0106263,Llama,EVQLQASGGGLVQAGGSLRLSC,TASGRAFSTTNMG,WFRQAPGKEREFV,CRVNWSGGVT,SYADSVKGRFTCSRDNTKNTVYLQMDSLKPEDTAVYYC,AGSTVWSTDRKHYNY,WGQGTQVTVSS,recombinant L1 antigen,L1,G2+
L1-E2,EVQLQASGGGLVQPGGSLRLSCAASGFSISSATMSWVRQAPGKGLEWVSTVQDGAGIISSADSAKARFTISRDSAKNTLYLQMNSLKPEDTAVYYCRTVVFGRILRGQGTQVTVSS,56.0,https://doi.org/10.1371/journal.pone.0106263,Llama,EVQLQASGGGLVQPGGSLRLSC,AASGFSISSATMS,WVRQAPGKGLEWV,STVQDGAGII,SSADSAKARFTISRDSAKNTLYLQMNSLKPEDTAVYYC,RTVVFGRIL,RGQGTQVTVSS,recombinant L1 antigen,L1,E2
VACC-A5,EVQLQASGGGLVQAGGSLRLSCAASGRAIDSLGMGWFRQAPGKEREFVAVARRSARRTYYADSVKGRFTVSRDNAKNTVYLQMSSLKPEDTAVYYCAADPSVISTDYEDAKEYDYWGQGTQVTVSS,60.0,https://doi.org/10.1371/journal.pone.0106263,Llama,EVQLQASGGGLVQAGGSLRLSC,AASGRAIDSLGMG,WFRQAPGKEREFV,AVARRSARRT,YYADSVKGRFTVSRDNAKNTVYLQMSSLKPEDTAVYYC,AADPSVISTDYEDAKEYDY,WGQGTQVTVSS,Vaccinia virus,VACC,A5
VACC-G11,EVQLQASGGGLVQPGGSLRLSCAASGRAIGSLGMGWFRQAPGKEREFVAVTRRSARRTYYADSVKGRFTVSRDNAKNTVYLQMSSLKPEDTAVYYCAADPSVISTDYEDAKEYDYWGQGTQVTVSS,61.0,https://doi.org/10.1371/journal.pone.0106263,Llama,EVQLQASGGGLVQPGGSLRLSC,AASGRAIGSLGMG,WFRQAPGKEREFV,AVTRRSARRT,YYADSVKGRFTVSRDNAKNTVYLQMSSLKPEDTAVYYC,AADPSVISTDYEDAKEYDY,WGQGTQVTVSS,Vaccinia virus,VACC,G11
VACC-D9,EVQLQASGGGLVQAGGSLRLSCAVSGRAFSTYTMGWFRQAPGREREFVAHNSWSGGRTYYADSVKGRFTISRDNAKNTVYLQMTSLKPEDTAVYYCAATAALRGNYYYTQRDTYDYWGQGTQVTVSS,71.0,https://doi.org/10.1371/journal.pone.0106263,Llama,EVQLQASGGGLVQAGGSLRLSC,AVSGRAFSTYTMG,WFRQAPGREREFV,AHNSWSGGRT,YYADSVKGRFTISRDNAKNTVYLQMTSLKPEDTAVYYC,AATAALRGNYYYTQRDTYDY,WGQGTQVTVSS,Vaccinia virus,VACC,D9
VACC-B7,DVQLQASGGGLVQAGGSLRLSCAASGLTVSRYTMGWFRQAPGKEREFVAAIRWIEGRTYYADSVKGRFTISRDNAKNTVYLQMNSLKPDDTAVYYCAARAGATIRTVGNDYEHWGQGTQVTVSS,79.0,https://doi.org/10.1371/journal.pone.0106263,Llama,DVQLQASGGGLVQAGGSLRLSC,AASGLTVSRYTMG,WFRQAPGKEREFV,AAIRWIEGRT,YYADSVKGRFTISRDNAKNTVYLQMNSLKPDDTAVYYC,AARAGATIRTVGNDYEH,WGQGTQVTVSS,Vaccinia virus,VACC,B7
VACC-D12,DVQLQASGGGLVQAGGSLRLSCAASGLTVSRYTMGWFRQAPGKEREFVAAIRWIEGRTYYADSVKGRFTISRDNAKNTVYLQMNSLKPDDMAVYYCAARAGATIRTSGNEYEYWGQGTQVTVSS,75.0,https://doi.org/10.1371/journal.pone.0106263,Llama,DVQLQASGGGLVQAGGSLRLSC,AASGLTVSRYTMG,WFRQAPGKEREFV,AAIRWIEGRT,YYADSVKGRFTISRDNAKNTVYLQMNSLKPDDMAVYYC,AARAGATIRTSGNEYEY,WGQGTQVTVSS,Vaccinia virus,VACC,D12
VACC-C5,DVQLQASGGGLVQAGGFLRLSCAASGRTFSSTAMGWFRQAPGKERDFVAVIMRDDGRTDYAASVEGRFTISKDSATNTVYLQMNSLKPEDTAIYFCGVQSYRRGNYYRPANYNYWGQGTQVTVSS,57.0,https://doi.org/10.1371/journal.pone.0106263,Llama,DVQLQASGGGLVQAGGFLRLSC,AASGRTFSSTAMG,WFRQAPGKERDFV,AVIMRDDGRT,DYAASVEGRFTISKDSATNTVYLQMNSLKPEDTAIYFC,GVQSYRRGNYYRPANYNY,WGQGTQVTVSS,Vaccinia virus,VACC,C5
VACC-E4,EVQLQASGGGLVQAGSSLRLSCAASGLTTSTLYRMGWFRQAPGKEREFVGTITWSGGSTHYPDSLKGRFTISRDDAKNTGFLQMDSLKPEDTAIYYCAARTSAGIYDPTSPPAYDSWGQGTQVTVSS,70.0,https://doi.org/10.1371/journal.pone.0106263,Llama,EVQLQASGGGLVQAGSSLRLSC,AASGLTTSTLYRMG,WFRQAPGKEREFV,GTITWSGGST,HYPDSLKGRFTISRDDAKNTGFLQMDSLKPEDTAIYYC,AARTSAGIYDPTSPPAYDS,WGQGTQVTVSS,Vaccinia virus,VACC,E4
VACC-F7,EVQLQASGGGMVQAGESLRLSCVASGRTFRTSTMGWFRQAPGKEREFVAASSWRGGDMDYADSVKDRFIMSRDNAKNTVYLQMNSLRPEDTAVYYCAVSSAGNTRRYLTYHYWGQGTQVTVSS,62.0,https://doi.org/10.1371/journal.pone.0106263,Llama,EVQLQASGGGMVQAGESLRLSC,VASGRTFRTSTMG,WFRQAPGKEREFV,AASSWRGGDM,DYADSVKDRFIMSRDNAKNTVYLQMNSLRPEDTAVYYC,AVSSAGNTRRYLTYHY,WGQGTQVTVSS,Vaccinia virus,VACC,F7
VACC-E7,EVQLQASGGGLVQPGGSLRLACVASGFTLEYSAIGWFRQAPGKEREAVSRIRNRDGRAIYADSVKDRFTISRDNAKSTVYLQMDSLKPEDTATYYCGRHIGVRSSWALPSEYDYWGQGTQYIYSS,60.0,https://doi.org/10.1371/journal.pone.0106263,Llama,EVQLQASGGGLVQPGGSLRLAC,VASGFTLEYSAIG,WFRQAPGKEREAV,SRIRNRDGRA,IYADSVKDRFTISRDNAKSTVYLQMDSLKPEDTATYYC,GRHIGVRSSWALPSEYDY,WGQGTQYIYSS,Vaccinia virus,VACC,E7
VACC-C11,EVQLQASGGGLVQAGGSLRLSCAASGSTGSIIVMSWHRQAPGNQRELVAGISSSGTVNYVDSVKGRFTISRDNAKNTVYLQMNSLKPEDTAVYYCNAWLGRSAGTSWGQGTQVTVSS,59.0,https://doi.org/10.1371/journal.pone.0106263,Llama,EVQLQASGGGLVQAGGSLRLSC,AASGSTGSIIVMS,WHRQAPGNQRELV,AGISSSGTV,NYVDSVKGRFTISRDNAKNTVYLQMNSLKPEDTAVYYC,NAWLGRSAGTS,WGQGTQVTVSS,Vaccinia virus,VACC,C11
L1-G2+neg,EVQLVESGGGLVQDGDSLRLSCTASGRAFSTTNMGWFRQAPGKEREFVCRVNWSGGVTSYADSVKGRFTCSRDNTKNTVYLQMDSLKPEDTAVYYCAGSTVWSTDRKHYNYWGQGTQVTVSS,81.0,https://doi.org/10.1186/s12934-015-0340-3,Llama,EVQLVESGGGLVQDGDSLRLSC,TASGRAFSTTNMG,WFRQAPGKEREFV,CRVNWSGGVT,SYADSVKGRFTCSRDNTKNTVYLQMDSLKPEDTAVYYC,AGSTVWSTDRKHYNY,WGQGTQVTVSS,recombinant L1 antigen,L1,G2+neg
L1-G2+neg2,EVQLVESGGGLVQDGDSLRLSCTASGRAFSTTNMGWFRQAPGKEREFVCRVNWSGGVTSYADSVKGRFTCSADNTKNTVYLQMDSLKPEDTAVYYCAGSTVWSTDRKHYNYWGQGTQVTVSS,81.0,https://doi.org/10.1186/s12934-015-0340-3,Llama,EVQLVESGGGLVQDGDSLRLSC,TASGRAFSTTNMG,WFRQAPGKEREFV,CRVNWSGGVT,SYADSVKGRFTCSADNTKNTVYLQMDSLKPEDTAVYYC,AGSTVWSTDRKHYNY,WGQGTQVTVSS,recombinant L1 antigen,L1,G2+neg2
A3:A50C_A108C,EVQLVESGGGLVQAGDSLRLSCTASGRTFSRAVMGWFRQAPGKEREFVACISAAPGTAYYAFYADSVRGRFSISADSAKNTVYLQMNSLKPEDTAVYYCAADLKMQVCAYMNQRSVDYWGQGTQVTVSS,89.0,https://doi.org/10.1371/journal.pone.0115405,Llama,EVQLVESGGGLVQAGDSLRLSC,TASGRTFSRAVMG,WFRQAPGKEREFV,ACISAAPGTAYYA,FYADSVRGRFSISADSAKNTVYLQMNSLKPEDTAVYYC,AADLKMQVCAYMNQRSVDY,WGQGTQVTVSS,,A3,A50C_A108C
A3:V33C_M105C,EVQLVESGGGLVQAGDSLRLSCTASGRTFSRACMGWFRQAPGKEREFVAAISAAPGTAYYAFYADSVRGRFSISADSAKNTVYLQMNSLKPEDTAVYYCAADLKCQVAAYMNQRSVDYWGQGTQVTVSS,89.0,https://doi.org/10.1371/journal.pone.0115405,Llama,EVQLVESGGGLVQAGDSLRLSC,TASGRTFSRACMG,WFRQAPGKEREFV,AAISAAPGTAYYA,FYADSVRGRFSISADSAKNTVYLQMNSLKPEDTAVYYC,AADLKCQVAAYMNQRSVDY,WGQGTQVTVSS,,A3,V33C_M105C
A3:Q3C_Y118C,EVCLVESGGGLVQAGDSLRLSCTASGRTFSRAVMGWFRQAPGKEREFVAAISAAPGTAYYAFYADSVRGRFSISADSAKNTVYLQMNSLKPEDTAVYYCAADLKMQVAAYMNQRSVDCWGQGTQVTVSS,88.0,https://doi.org/10.1371/journal.pone.0115405,Llama,EVCLVESGGGLVQAGDSLRLSC,TASGRTFSRAVMG,WFRQAPGKEREFV,AAISAAPGTAYYA,FYADSVRGRFSISADSAKNTVYLQMNSLKPEDTAVYYC,AADLKMQVAAYMNQRSVDC,WGQGTQVTVSS,,A3,Q3C_Y118C
D2-L29,DVQLVESGGGSVQAGESLRLSCAASGVTYKNYCIGWFRQAPGKDREGVVFINSDGGITYYADSVKGRFTISQDNAKNTVYLQMNSLKPEDTASYYCAAGYRNYGQCATRYWGQGTQVTVSS,80.7,https://doi.org/10.1093/protein/gzaa006,Camel,DVQLVESGGGSVQAGESLRLSC,AASGVTYKNYCIG,WFRQAPGKDREGV,VFINSDGGIT,YYADSVKGRFTISQDNAKNTVYLQMNSLKPEDTASYYC,AAGYRNYGQCATRY,WGQGTQVTVSS,HEL,D2,L29
D2-L29:A107F,DVQLVESGGGSVQAGESLRLSCAASGVTYKNYCIGWFRQAPGKDREGVVFINSDGGITYYADSVKGRFTISQDNAKNTVYLQMNSLKPEDTASYYCAAGYRNYGQCFTRYWGQGTQVTVSS,81.7,https://doi.org/10.1093/protein/gzaa006,Camel,DVQLVESGGGSVQAGESLRLSC,AASGVTYKNYCIG,WFRQAPGKDREGV,VFINSDGGIT,YYADSVKGRFTISQDNAKNTVYLQMNSLKPEDTASYYC,AAGYRNYGQCFTRY,WGQGTQVTVSS,HEL,D2,L29:A107F
D2-L29:A107R,DVQLVESGGGSVQAGESLRLSCAASGVTYKNYCIGWFRQAPGKDREGVVFINSDGGITYYADSVKGRFTISQDNAKNTVYLQMNSLKPEDTASYYCAAGYRNYGQCRTRYWGQGTQVTVSS,80.7,https://doi.org/10.1093/protein/gzaa006,Camel,DVQLVESGGGSVQAGESLRLSC,AASGVTYKNYCIG,WFRQAPGKDREGV,VFINSDGGIT,YYADSVKGRFTISQDNAKNTVYLQMNSLKPEDTASYYC,AAGYRNYGQCRTRY,WGQGTQVTVSS,HEL,D2,L29:A107R
D2-L29:A107Y,DVQLVESGGGSVQAGESLRLSCAASGVTYKNYCIGWFRQAPGKDREGVVFINSDGGITYYADSVKGRFTISQDNAKNTVYLQMNSLKPEDTASYYCAAGYRNYGQCYTRYWGQGTQVTVSS,81.9,https://doi.org/10.1093/protein/gzaa006,Camel,DVQLVESGGGSVQAGESLRLSC,AASGVTYKNYCIG,WFRQAPGKDREGV,VFINSDGGIT,YYADSVKGRFTISQDNAKNTVYLQMNSLKPEDTASYYC,AAGYRNYGQCYTRY,WGQGTQVTVSS,HEL,D2,L29:A107Y
VP40-A2,DVQLQASGGGLVQAGGSMRLSCAASGMTFSIGDMGWYRQAPGKQRESVATISRRGSTNYADSVQGRFTISRDNTKDTIDLQMISLKPGDTAVYYCTAITHPPFDLNYWGQGTQVTVSS,55.0,https://doi.org/10.1016/j.jim.2017.01.005,Llama,DVQLQASGGGLVQAGGSMRLSC,AASGMTFSIGDMG,WYRQAPGKQRESV,ATISRRGST,NYADSVQGRFTISRDNTKDTIDLQMISLKPGDTAVYYC,TAITHPPFDLNY,WGQGTQVTVSS,Ebola virus viral protein 40 (VP40),VP40,A2
VP40-H1,DVQLQASGGGLVQAGGSLRLSCAASGMTFSIGDMGWYRQAPGKQRESVATISRRGSTNYADSVQGRFTISRDNTKDTIDLQMISLKPGDTAVYYCTAITHPPFELNYWGQGTQVTVSS,57.0,https://doi.org/10.1016/j.jim.2017.01.005,Llama,DVQLQASGGGLVQAGGSLRLSC,AASGMTFSIGDMG,WYRQAPGKQRESV,ATISRRGST,NYADSVQGRFTISRDNTKDTIDLQMISLKPGDTAVYYC,TAITHPPFELNY,WGQGTQVTVSS,Ebola virus viral protein 40 (VP40),VP40,H1
Z18-V2L,QLQLVESGGGLVQAGDSLRLSCAASGRTFSGYAMGWFRQAPGKEREFVARINWSGTLTYYADSVKGRFTGSRDNAKNTVYLQMNSLKPEDTAVYYCAQRGDSGSNYDPSGYSYWGQGTQVTVSS,58.0,https://doi.org/10.1038/s41598-021-98977-8,Alpaca,QLQLVESGGGLVQAGDSLRLSC,AASGRTFSGYAMG,WFRQAPGKEREFV,ARINWSGTLT,YYADSVKGRFTGSRDNAKNTVYLQMNSLKPEDTAVYYC,AQRGDSGSNYDPSGYSY,WGQGTQVTVSS,human serum albumin (HSA),Z18,V2L
Z18-G32D,QVQLVESGGGLVQAGDSLRLSCAASGRTFSDYAMGWFRQAPGKEREFVARINWSGTLTYYADSVKGRFTGSRDNAKNTVYLQMNSLKPEDTAVYYCAQRGDSGSNYDPSGYSYWGQGTQVTVSS,58.0,https://doi.org/10.1038/s41598-021-98977-8,Alpaca,QVQLVESGGGLVQAGDSLRLSC,AASGRTFSDYAMG,WFRQAPGKEREFV,ARINWSGTLT,YYADSVKGRFTGSRDNAKNTVYLQMNSLKPEDTAVYYC,AQRGDSGSNYDPSGYSY,WGQGTQVTVSS,human serum albumin (HSA),Z18,G32D
Z18-R50L,QVQLVESGGGLVQAGDSLRLSCAASGRTFSGYAMGWFRQAPGKELEFVARINWSGTLTYYADSVKGRFTGSRDNAKNTVYLQMNSLKPEDTAVYYCAQRGDSGSNYDPSGYSYWGQGTQVTVSS,61.0,https://doi.org/10.1038/s41598-021-98977-8,Alpaca,QVQLVESGGGLVQAGDSLRLSC,AASGRTFSGYAMG,WFRQAPGKELEFV,ARINWSGTLT,YYADSVKGRFTGSRDNAKNTVYLQMNSLKPEDTAVYYC,AQRGDSGSNYDPSGYSY,WGQGTQVTVSS,human serum albumin (HSA),Z18,R50L
Z18-I56V,QVQLVESGGGLVQAGDSLRLSCAASGRTFSGYAMGWFRQAPGKEREFVARVNWSGTLTYYADSVKGRFTGSRDNAKNTVYLQMNSLKPEDTAVYYCAQRGDSGSNYDPSGYSYWGQGTQVTVSS,55.0,https://doi.org/10.1038/s41598-021-98977-8,Alpaca,QVQLVESGGGLVQAGDSLRLSC,AASGRTFSGYAMG,WFRQAPGKEREFV,ARVNWSGTLT,YYADSVKGRFTGSRDNAKNTVYLQMNSLKPEDTAVYYC,AQRGDSGSNYDPSGYSY,WGQGTQVTVSS,human serum albumin (HSA),Z18,I56V
Z18-T61L,QVQLVESGGGLVQAGDSLRLSCAASGRTFSGYAMGWFRQAPGKEREFVARINWSGLLTYYADSVKGRFTGSRDNAKNTVYLQMNSLKPEDTAVYYCAQRGDSGSNYDPSGYSYWGQGTQVTVSS,56.0,https://doi.org/10.1038/s41598-021-98977-8,Alpaca,QVQLVESGGGLVQAGDSLRLSC,AASGRTFSGYAMG,WFRQAPGKEREFV,ARINWSGLLT,YYADSVKGRFTGSRDNAKNTVYLQMNSLKPEDTAVYYC,AQRGDSGSNYDPSGYSY,WGQGTQVTVSS,human serum albumin (HSA),Z18,T61L
Z18-G78A,QVQLVESGGGLVQAGDSLRLSCAASGRTFSGYAMGWFRQAPGKEREFVARINWSGTLTYYADSVKGRFTASRDNAKNTVYLQMNSLKPEDTAVYYCAQRGDSGSNYDPSGYSYWGQGTQVTVSS,67.0,https://doi.org/10.1038/s41598-021-98977-8,Alpaca,QVQLVESGGGLVQAGDSLRLSC,AASGRTFSGYAMG,WFRQAPGKEREFV,ARINWSGTLT,YYADSVKGRFTASRDNAKNTVYLQMNSLKPEDTAVYYC,AQRGDSGSNYDPSGYSY,WGQGTQVTVSS,human serum albumin (HSA),Z18,G78A
Z18-N85S,QVQLVESGGGLVQAGDSLRLSCAASGRTFSGYAMGWFRQAPGKEREFVARINWSGTLTYYADSVKGRFTGSRDNAKSTVYLQMNSLKPEDTAVYYCAQRGDSGSNYDPSGYSYWGQGTQVTVSS,56.0,https://doi.org/10.1038/s41598-021-98977-8,Alpaca,QVQLVESGGGLVQAGDSLRLSC,AASGRTFSGYAMG,WFRQAPGKEREFV,ARINWSGTLT,YYADSVKGRFTGSRDNAKSTVYLQMNSLKPEDTAVYYC,AQRGDSGSNYDPSGYSY,WGQGTQVTVSS,human serum albumin (HSA),Z18,N85S
Z18-Y114F,QVQLVESGGGLVQAGDSLRLSCAASGRTFSGYAMGWFRQAPGKEREFVARINWSGTLTYYADSVKGRFTGSRDNAKNTVYLQMNSLKPEDTAVYYCAQRGDSGSNFDPSGYSYWGQGTQVTVSS,58.0,https://doi.org/10.1038/s41598-021-98977-8,Alpaca,QVQLVESGGGLVQAGDSLRLSC,AASGRTFSGYAMG,WFRQAPGKEREFV,ARINWSGTLT,YYADSVKGRFTGSRDNAKNTVYLQMNSLKPEDTAVYYC,AQRGDSGSNFDPSGYSY,WGQGTQVTVSS,human serum albumin (HSA),Z18,Y114F
Z18-S133R,QVQLVESGGGLVQAGDSLRLSCAASGRTFSGYAMGWFRQAPGKEREFVARINWSGTLTYYADSVKGRFTGSRDNAKNTVYLQMNSLKPEDTAVYYCAQRGDSGSNYDPSGYRYWGQGTQVTVSS,60.0,https://doi.org/10.1038/s41598-021-98977-8,Alpaca,QVQLVESGGGLVQAGDSLRLSC,AASGRTFSGYAMG,WFRQAPGKEREFV,ARINWSGTLT,YYADSVKGRFTGSRDNAKNTVYLQMNSLKPEDTAVYYC,AQRGDSGSNYDPSGYRY,WGQGTQVTVSS,human serum albumin (HSA),Z18,S133R
Z18-R50L/G78A/S133R,QVQLVESGGGLVQAGDSLRLSCAASGRTFSGYAMGWFRQAPGKELEFVARINWSGTLTYYADSVKGRFTASRDNAKNTVYLQMNSLKPEDTAVYYCAQRGDSGSNYDPSGYRYWGQGTQVTVSS,71.0,https://doi.org/10.1038/s41598-021-98977-8,Alpaca,QVQLVESGGGLVQAGDSLRLSC,AASGRTFSGYAMG,WFRQAPGKELEFV,ARINWSGTLT,YYADSVKGRFTASRDNAKNTVYLQMNSLKPEDTAVYYC,AQRGDSGSNYDPSGYRY,WGQGTQVTVSS,human serum albumin (HSA),Z18,R50L/G78A/S133R
Z18-G32D/R50L/G78A/S133R,QVQLVESGGGLVQAGDSLRLSCAASGRTFSDYAMGWFRQAPGKELEFVARINWSGTLTYYADSVKGRFTASRDNAKNTVYLQMNSLKPEDTAVYYCAQRGDSGSNYDPSGYRYWGQGTQVTVSS,71.0,https://doi.org/10.1038/s41598-021-98977-8,Alpaca,QVQLVESGGGLVQAGDSLRLSC,AASGRTFSDYAMG,WFRQAPGKELEFV,ARINWSGTLT,YYADSVKGRFTASRDNAKNTVYLQMNSLKPEDTAVYYC,AQRGDSGSNYDPSGYRY,WGQGTQVTVSS,human serum albumin (HSA),Z18,G32D/R50L/G78A/S133R
A3-ds,EVQLVESGGGLVQAGDSLRLSATASGRTFSRAVMGWFRQAPGKEREFVAAISAAPGTAYYAFYADSVRGRFSISADSAKNTVYLQMNSLKPEDTAVYYVAADLKMQVAAYMNQRSVDYWGQGTQVTVSS,62.6,10.1093/protein/gzu001,,EVQLVESGGGLVQAGDSLRLSA,TASGRTFSRAVMG,WFRQAPGKEREFV,AAISAAPGTAYYA,FYADSVRGRFSISADSAKNTVYLQMNSLKPEDTAVYYV,AADLKMQVAAYMNQRSVDY,WGQGTQVTVSS,SEB,A3,ds
A3-ds,EVQLVESGGGLVQAGDSCRLSATASGRTFSRAVMGWFRQAPGKEREFVAAISAAPGTAYYAFYADSVRGRFSISADSAKNTVYLQMNSLKPEDTAVYYVAADLKMQVAAYMNQRSVDYWGQGTQVTVSS,62.2,10.1093/protein/gzu001,,EVQLVESGGGLVQAGDSCRLSA,TASGRTFSRAVMG,WFRQAPGKEREFV,AAISAAPGTAYYA,FYADSVRGRFSISADSAKNTVYLQMNSLKPEDTAVYYV,AADLKMQVAAYMNQRSVDY,WGQGTQVTVSS,SEB,A3,ds
A3-ds,EVQLVESGGGLVQAGDSLRLSATASGRTFSRAVMGWFRQAPGKEREFVAAISAAPGTAYYAFYADSVRGRFSISADSAKNTVYLQMNNLKPEDTAVYYVAADLKMQVAAYMNQRSVDYWGQGTQVTVSS,64.6,10.1093/protein/gzu001,,EVQLVESGGGLVQAGDSLRLSA,TASGRTFSRAVMG,WFRQAPGKEREFV,AAISAAPGTAYYA,FYADSVRGRFSISADSAKNTVYLQMNNLKPEDTAVYYV,AADLKMQVAAYMNQRSVDY,WGQGTQVTVSS,SEB,A3,ds
A3-ds,EVQLVESGGGLVQAGDSLRLSATASGCTFSRAVMGWFRQAPGKEREFVAAISAAPGTAYYAFYADSVRGRFSISADSAKNTVYLQMNSLKPEDTAVYYVAADLKMQVAAYMNQRSVDYWGQGTQVTVSS,61.2,10.1093/protein/gzu001,,EVQLVESGGGLVQAGDSLRLSA,TASGCTFSRAVMG,WFRQAPGKEREFV,AAISAAPGTAYYA,FYADSVRGRFSISADSAKNTVYLQMNSLKPEDTAVYYV,AADLKMQVAAYMNQRSVDY,WGQGTQVTVSS,SEB,A3,ds
A3-ds,EVQLVESGGGLVQAGDSLRLSATASGRIFSRAVMGWFRQAPGKEREFVAAISAAPGTAYYAFYADSVRGRFIISADSAKNTVYLQMNSLKPEDTAVYYVAADLKMQVAAYMNQRSVDYWGQGTQVTVSS,69.5,10.1093/protein/gzu001,,EVQLVESGGGLVQAGDSLRLSA,TASGRIFSRAVMG,WFRQAPGKEREFV,AAISAAPGTAYYA,FYADSVRGRFIISADSAKNTVYLQMNSLKPEDTAVYYV,AADLKMQVAAYMNQRSVDY,WGQGTQVTVSS,SEB,A3,ds
A3-ds,EVQLVESGGGLVQAGDSLRLSATASDRTFSRAVMGWFRQAPGKEREFVAAISAAPGTAYYAFYADSVRGRFSISADSAKNTVYLQMNSLKPEDTAVYYVAADLKMQVAAYMNQRSVDYWGQGTQVTVSS,64.8,10.1093/protein/gzu001,,EVQLVESGGGLVQAGDSLRLSA,TASDRTFSRAVMG,WFRQAPGKEREFV,AAISAAPGTAYYA,FYADSVRGRFSISADSAKNTVYLQMNSLKPEDTAVYYV,AADLKMQVAAYMNQRSVDY,WGQGTQVTVSS,SEB,A3,ds
EBOV-GP-E7,EVQLQASGGGLVQPRGSLRLSCAASGSIFSINAMGWYRQTPEKQRELVATISSSGSTKYGDSVKGRFTISRDNAKNTVYLQMNSLKPEDTAVYYCNTQTAGLVADWGTSHYDYWGQGVQVTVS,54.0,10.1186/s12934-017-0837-z,Llama,EVQLQASGGGLVQPRGSLRLSC,AASGSIFSINAMG,WYRQTPEKQRELV,ATISSSGST,KYGDSVKGRFTISRDNAKNTVYLQMNSLKPEDTAVYYC,NTQTAGLVADWGTSHYDY,WGQGVQVTVS,EBOV GP,EBOV,GP-E7
EBOV-GP-G6,DVQLQASGGGLVQAGGSLRISCAASGGALSDYNMGWFRQAPGKEREFVAVVTWSGGSTRYADSVNGRFTISRDNAKNTVYLQMNSLKPEDTAVYYCAAAPLTPFQSLGDNKAYNYWGQGTQVTVS,67.0,10.1186/s12934-017-0837-z,Llama,DVQLQASGGGLVQAGGSLRISC,AASGGALSDYNMG,WFRQAPGKEREFV,AVVTWSGGST,RYADSVNGRFTISRDNAKNTVYLQMNSLKPEDTAVYYC,AAAPLTPFQSLGDNKAYNY,WGQGTQVTVS,EBOV GP,EBOV,GP-G6
EBOV-GP-H7,DVQLQASGGGLVQAGGSLRLSCAASSGTFSSYTMGWFRQAPGKERELVARLSQSLTTLYADSVKGRFTISRDNAENTVYLQMNSLKPEDTGVYYCAAHPGTYGSAWLISPHDYAYWGQGTQVTVS,68.0,10.1186/s12934-017-0837-z,Llama,DVQLQASGGGLVQAGGSLRLSC,AASSGTFSSYTMG,WFRQAPGKERELV,ARLSQSLTT,LYADSVKGRFTISRDNAENTVYLQMNSLKPEDTGVYYC,AAHPGTYGSAWLISPHDYAY,WGQGTQVTVS,EBOV GP,EBOV,GP-H7
EBOV-GP-A8,EVQLQASGGGLAQAGGSLQLSCAAPGRPVRTYTMGWFRQAPGKEREFVAANNWRGTRYAGSVRGRFSISRDNSKNTVYLQMNSLKPEDTAVYYCACAVTADLLLSGNYFRGDDYDYWGQGTQVTVS,60.0,10.1186/s12934-017-0837-z,Llama,EVQLQASGGGLAQAGGSLQLSC,AAPGRPVRTYTMG,WFRQAPGKEREFV,AANNWRGT,RYAGSVRGRFSISRDNSKNTVYLQMNSLKPEDTAVYYC,ACAVTADLLLSGNYFRGDDYDY,WGQGTQVTVS,EBOV GP,EBOV,GP-A8
EBOV-GP-D1,EVQLQASGGGSVPPGGSLRLSCTASLRAFSTYTMGWFRQAPGKEREFVAASNWRGTDFHDSVRGRFIISRDNTEKTVQLQMNSLKPEDTAIYYCAADGSTWLKRSDYSYWGQGTQVTVS,51.0,10.1186/s12934-017-0837-z,Llama,EVQLQASGGGSVPPGGSLRLSC,TASLRAFSTYTMG,WFRQAPGKEREFV,AASNWRGT,DFHDSVRGRFIISRDNTEKTVQLQMNSLKPEDTAIYYC,AADGSTWLKRSDYSY,WGQGTQVTVS,EBOV GP,EBOV,GP-D1
EBOV-GP-B5,EVQLQASGGGLVQAGGSLRLSCTASLRAFSTYTMGWFRQAPGKEREFVAASNWRGTDFHDSVKGRFIISRDNTKKTVQLQMNSLKPEDTAIYYCAADGSTWLKRSDYSYWGQGTQVTVS,60.0,10.1186/s12934-017-0837-z,Llama,EVQLQASGGGLVQAGGSLRLSC,TASLRAFSTYTMG,WFRQAPGKEREFV,AASNWRGT,DFHDSVKGRFIISRDNTKKTVQLQMNSLKPEDTAIYYC,AADGSTWLKRSDYSY,WGQGTQVTVS,EBOV GP,EBOV,GP-B5
EBOV-GP-C12,EVQLQASGGGLVQPGGSLRLSCTASGSIFSINAMGWYRQTPRKERELVAAISEGGSTKYGDSVKGRFTISRDFAKNTQMVYLQMNSLKREDTAVYYCKAQTEGPIADWGTSQYEYWGQGTQVTVS,62.0,10.1186/s12934-017-0837-z,Llama,EVQLQASGGGLVQPGGSLRLSC,TASGSIFSINAMG,WYRQTPRKERELV,AAISEGGST,KYGDSVKGRFTISRDFAKNTQMVYLQMNSLKREDTAVYYC,KAQTEGPIADWGTSQYEY,WGQGTQVTVS,EBOV GP,EBOV,GP-C12
EBOV-GP-G11,EVQLQASGGGLVEPGGSLRLSCAVSGINFNINHWGWYRQAPGKQREWVATIAIGGATDYADSLKGRFTISRDNMKNTVYLQMSSLRPEDTAVFYCNGVGSKWSDRWGQGTQVTVS,46.0,10.1186/s12934-017-0837-z,Llama,EVQLQASGGGLVEPGGSLRLSC,AVSGINFNINHWG,WYRQAPGKQREWV,ATIAIGGAT,DYADSLKGRFTISRDNMKNTVYLQMSSLRPEDTAVFYC,NGVGSKWSDR,WGQGTQVTVS,EBOV GP,EBOV,GP-G11
EBOV-GP-G3,EVQLQASGGGLVEPGGSLRLSCAVSGINFNINHWGWYRQAPGKQREWVATIAIGGATDYADSLKGRFTISRDNNKNTVYLQMNSLRPEDTAVYYCNGVGSKWSVRWGQGTQVTVS,61.0,10.1186/s12934-017-0837-z,Llama,EVQLQASGGGLVEPGGSLRLSC,AVSGINFNINHWG,WYRQAPGKQREWV,ATIAIGGAT,DYADSLKGRFTISRDNNKNTVYLQMNSLRPEDTAVYYC,NGVGSKWSVR,WGQGTQVTVS,EBOV GP,EBOV,GP-G3
EBOV-GP-B11,EVQLQASGGGLVQTGGSLRLACAGSGRSFNNYGMGWFRQAPGKERQFVAAISGNDHTTHYSDSVKGRFTISRDNAKTTVYLQMNSLKPEDTAVYYCAADRLGSFFFPRASPSDYGYWGQGTQVTVS,62.0,10.1186/s12934-017-0837-z,Llama,EVQLQASGGGLVQTGGSLRLAC,AGSGRSFNNYGMG,WFRQAPGKERQFV,AAISGNDHTT,HYSDSVKGRFTISRDNAKTTVYLQMNSLKPEDTAVYYC,AADRLGSFFFPRASPSDYGY,WGQGTQVTVS,EBOV GP,EBOV,GP-B11
